smiles,qed,sa,molwt,clogp
CCC(=O)C1=C(O)OC(Cc2ccccc2)(Cc2ccccc2)CC1,0.8263415336021276,3.75,336.4310000000001,4.769700000000004
CC(C)(C)OC(=O)N[C@@H](Cc1ccccc1)[C@@H](O)CCC(=O)NCc1cccs1,0.5801408283542074,4.0,418.5590000000002,3.6414000000000026
CCC(c1ccccc1)c1c(O)c2ccccc2oc1=O,0.7365229547993595,3.75,280.323,4.040500000000003
[CH]C(=O)N[C@@H](Cc1ccccc1)[C@H](O)CN1C[C@H]2CCCC[C@H]2C[C@H]1C(=O)NC(C)(C)C,0.6075240034510159,4.050000000000001,441.61600000000004,2.58129
O=c1c2c(oc(O)c1C(C1CC1)C1CC1)C(Cc1ccccc1)CCCCCC2,0.6704949017515931,4.05,392.5390000000002,6.081900000000005
CC(C)(C)NC(=O)[C@@H]1CN(C(=O)Oc2ccccc2)CCN1C[C@@H](O)[CH]Cc1ccccc1,0.6751843437000267,4.15,452.5750000000002,2.894190000000001
CC(C)[C@H](NC(=O)OCc1ccccc1)C(=O)NC(Cc1ccccc1)C(=O)C(C)(F)F,0.5800353312511182,4.1,446.49400000000014,3.8892000000000024
C=CS(=O)(=O)Nc1cccc(C(c2c(O)oc3c(c2=O)CCCCCC3)C2CC2)c1,0.7079749627344657,4.3,429.5380000000004,4.431500000000004
O=C1[C@H](Cc2ccccc2)C(O)=C(O)N(Cc2ccccc2)[C@H]1Cc1ccccc1,0.623473741208173,4.0,399.4900000000001,4.8266000000000036
[CH][C@H](O)[C@@H](O)[C@@H](Cc1ccc2c(c1)OCCO2)N(C=O)Cc1ccc2ccccc2c1,0.5490117592579709,4.2,419.4770000000002,2.6135900000000003
CC1CN(C(Cc2ccccc2)C(=O)NCC2N=Cc3cncnc32)C1=O,0.780300294614979,4.3,363.4210000000001,1.156
CC(C)NC(=O)[C@@H]1CSCN1C(=O)C(O)C(Cc1ccccc1)NC(=O)OC(C)(C)C,0.5845318910770906,4.2,451.5890000000002,1.9093999999999998
C=CC=C1COC(=O)NC(C)C(=O)NC(Cc2ccccc2)[C@@H](O)C[C@@H](CCC)C=C1C(N)=O,0.5085512189628486,4.1,469.58200000000033,2.5336
C[CH]C(=O)N[C@@H](Cc1ccccc1)[C@H](O)CN1C[C@H]2CCCC[C@H]2C[C@H]1C(=O)NC(C)(C)C,0.5615038849890159,4.050000000000001,456.65100000000007,3.0943900000000006
CCCC(C(=O)NCC(C)(C)C)[C@@H](O)CN1C[C@H]2CCCC[C@H]2C[C@H]1C(=O)NC(C)(C)C,0.525278157782933,3.9,451.6960000000003,3.721300000000002
CCCN1C(=O)N(Cc2ccccc2)[C@H](Cc2ccccc2)[C@H](O)[C@@H](O)[C@H]1Cc1ccccc1,0.5296820509666954,4.1,458.6020000000002,4.2786000000000035
CC(C)(C)c1ccccc1Sc1c(O)cc(-c2cccc(Cl)c2)oc1=O,0.5891194712704739,3.95,386.90000000000003,6.114500000000005
C=CC=CC(C#N)OC[C@@H](NC(=O)OC(C)(C)C)C(=O)C(Cc1ccccc1)C1CC1C,0.5096187315557058,3.9,438.5680000000002,4.614680000000004
CC(C)[C@@H](C=O)NC(=O)C1=Cc2ccsc2[SH]1C,0.658352703633603,3.8,283.418,2.432200000000001
CC(C)CN(C[C@@H](O)[C@H](Cc1ccccc1)NC(=O)O[C@H]1CO[C@H]2OCC[C@H]21)S(C)(=O)=O,0.5306906784437289,4.45,470.5880000000003,1.3638000000000008
O=C(O)c1cccc(C[SH]2C=C(O)C=C(c3ccccc3)O2)c1,0.7332728439834223,3.95,328.389,4.271700000000002
CN[C@H](Cc1ccc2c(c1)CCO2)[C@H](O)[C@H](Cc1ccccc1)NC(=O)OC(C)(C)C,0.6038968799898703,4.050000000000001,426.55700000000024,3.2489000000000017
Cc1c(O)cccc1C(=O)N[C@@H](Cc1ccccc1)[C@H](O)C(=O)N1CSC(C)(C)[C@H]1C,0.6396785899944047,4.15,442.5810000000002,3.1026200000000017
C=CCN1C(=O)N(CC2CCCCC2)[C@H](Cc2ccccc2)[C@H](O)[C@@H](O)[C@H]1Cc1ccccc1,0.5705047091224581,4.1,462.6340000000002,4.434700000000004
[CH][C@H](Cc1ccccc1)OC(=O)C(NC(=O)N(C)Cc1csc(C2CC2)n1)C(C)C,0.6129992800076646,4.15,427.5700000000001,4.052090000000003
[CH]CCCN1Cc2ccccc2[C@H](O)[C@@H](O)[C@@H](Cc2ccccc2)N(CCC(C)C)C1=NC#N,0.5775465350568634,4.050000000000001,460.6220000000001,4.184270000000003
COC(=O)[C@@H](CC(N)=O)NC(=O)/C=C/c1ccc(O)cc1,0.5010447585016177,3.85,292.29100000000005,-0.061400000000000066
CN1C(=O)N(Cc2ccncc2)[C@H](CCc2ccccc2)[C@H](O)[C@@H](O)[C@H]1Cc1ccccc1O,0.50268256177707,4.3,461.5620000000001,2.9891000000000014
CC(C)c1ccccc1Sc1c(O)cc(-c2ccccc2)oc1=O,0.7023003277419337,3.85,338.42800000000005,5.287000000000004
CC(=CSC1C=CC=C1)COc1ccc(O)cc1,0.8702434160889834,3.5999999999999996,260.358,3.9026000000000023
C=CC=CC(C#N)OC[C@H](NC(=O)OC(C)(C)C)C(=O)C(N)Cc1ccc(F)cc1C,0.5502968939209322,3.95,431.5080000000002,3.117300000000001
CC=CC1=C(C(C)(C)C)C=CC(c2ccc(O)cc2)CC2(C)CC(=O)C(=C(O)O2)S1,0.5633619349062203,4.1,426.5780000000002,6.520400000000006
[CH]C[C@H](Cc1ccccc1)NC(=O)C(C)NC(=O)N(Cc1csc(C(C)C)n1)CC(C)C,0.5167665897870499,4.0,456.6560000000002,4.651290000000004
[CH]C(=O)N[C@@H](Cc1ccccc1)[C@H](O)CN1C[C@H]2CCCC[C@@H]2C[C@H]1C(=O)NC(C)(C)C,0.6075240034510159,4.050000000000001,441.61600000000004,2.58129
CC(=O)OC#CC1C=C(O)OC(C)(CCc2ccccc2)CC1=O,0.682097461449864,3.8,328.36400000000003,2.906900000000001
C#CCN1C(=O)N(CC#C)[C@H](Cc2ccccc2)[C@H](O)[C@@H](O)[C@H]1Cc1ccccc1,0.7261611543887319,3.95,402.49400000000014,1.9347999999999999
CCC(C=CC=CCNS(=O)(=O)c1ccc(C#N)cc1)C1=C(O)OC2CCCCCC2C1=O,0.5475132856339945,4.25,470.5910000000001,4.292980000000004
C[CH][C@@H](O)C[C@H](Cc1ccccc1)NC(=O)C(NC(=O)N(C)Cc1ccccn1)C(C)C,0.501724662502258,4.0,439.58000000000015,2.9502900000000007
CC(C)C1=C(O)C=COC(=O)Cc2c(NS(=O)(=O)c3ccc(F)cc3)cccc21,0.7288471444489708,4.25,417.45800000000014,4.164600000000003
C=CC(Cl)=CN(CCC)C(=O)O[C@H]1CCNC1=O,0.7788793438905941,3.75,272.73199999999997,1.9897
CCCc1cc(=O)c(C(c2ccc(OCCN3CCCCC3)cc2)C2CC2C2CC2)c(O)o1,0.5282170612547841,4.25,451.60700000000037,5.340600000000006
CC(C)C(NC(=O)c1ccc2ccccc2n1)C(=O)NC(Cc1ccccc1)C(=O)CF,0.5401042961397228,4.15,435.49900000000014,3.255300000000002
CCCCCC1(c2ccccc2)CC(=O)C(SCCc2ccccc2)=C(O)O1,0.5160867569012317,3.85,396.55200000000013,6.1546000000000065
O=C1Nc2ccc(Cl)cc2/C1=C/c1ccccc1,0.7711625838037873,3.75,255.704,3.8327000000000018
CCC(C)(C)S(=O)(=O)C[C@@H](Cc1cccc2ccccc12)C(=O)N[C@H](C=O)C(C)C,0.5779265879895773,3.9,431.59800000000024,3.941600000000003
CCCCNC(=O)C(c1ccccc1)N1C(=O)CC1c1ccccc1,0.6200518376433689,3.85,336.435,3.617600000000003
[CH][C@@H](O)C[C@H](Cc1ccccc1)NC(=O)C(C)NC(=O)N(C)Cc1csc(C(C)C)n1,0.5250743695136958,4.1,444.60100000000017,2.985990000000001
CCC(c1cccc(NS(=O)(=O)c2ccc(C#N)cc2)c1)c1c(O)cc(C)oc1=O,0.6196817787796296,4.25,424.4780000000001,3.8682000000000025
O=C(OP(=O)(O)OCCc1c(O)c2ccccc2oc1=O)C(F)(F)F,0.5963520362322072,4.5,382.183,2.2636
COC=CC=CCC1NC[C@H](O)[C](CCC(C)C)c2ccc(S(C)(=O)=O)cc21,0.5099448070032087,3.9,406.5680000000001,3.5604900000000024
C[CH]C(=O)N[C@@H](Cc1ccccc1)[C@H](O)CN1C[C@H]2CCS[C@H]2C[C@H]1C(=O)NC(C)(C)C,0.5551082367584231,4.15,460.6640000000001,2.4096899999999994
C=CC=CC=C(C=C)C1=C(O)OC(CCC)(CCc2ccccc2)CC1=O,0.5657018643012317,3.5999999999999996,364.4850000000001,5.771700000000005
CCCc1cc(=O)c(C(c2cccc(NS(=O)(=O)c3ccccc3)c2)C2CC2)c(O)o1,0.5329361351066262,4.3,439.5330000000003,4.640600000000004
CC(C)[C@H](NC(=O)OCc1ccccc1)C(=O)NC(Cc1ccccc1)C(=O)CC(C)(F)F,0.5243284812492381,4.1,460.5210000000002,4.279300000000004
CCS(=O)(=O)Nc1cccc(C(c2c(O)oc3c(c2=O)CCCCCC3)C2CC2)c1,0.7104592493922207,4.3,431.5540000000004,4.307900000000004
CC(C)(C)OC(=O)N[C@@H](Cc1ccccc1)[C@@H](O)CC(=O)NC1c2ccccc2C[C@H]1O,0.5294725021085878,4.15,440.5400000000002,2.6479000000000013
C[CH]C[C@H](O)[C@H](Cc1ccccc1)NC(=O)C(NC(=O)N(C)Cc1ccccn1)C(C)C,0.501724662502258,4.0,439.58000000000015,2.9502900000000007
CC=CC1=CCNC2C=CC1c1cc(C#Cc3cccnc3)ccc1CN(CC)NC2=O,0.5727023075739998,4.1,424.5480000000001,3.462200000000002
O=c1cc(-c2ccccc2)oc(O)c1C(CC1CCCC1)SC1CCCC1,0.6338871791494262,4.0,384.5410000000004,6.309600000000005
O=c1ccoc(O)c1[CH]c1cccc(NS(=O)(=O)c2ccc(Cl)c(Cl)c2)c1,0.643033754772485,4.3500000000000005,425.2690000000001,4.053690000000002
CC[CH]C(=O)N[C@@H](Cc1ccccc1)C(O)CN(Cc1ccccc1)C(=O)NC(C)(C)C,0.5290410593591937,3.9,438.5920000000002,3.699390000000003
CC1CC(Cc2ccc(OCC(=O)N3CCSCC3)cc2)c2cc(O)c(N)cc21,0.5776430258858661,4.2,412.5550000000002,3.762100000000002
O=C1CC(CCCCO)(c2ccccc2)OC(O)=C1SCc1ccccc1,0.6462307556697828,3.95,384.4970000000001,4.6944000000000035
CC(C)c1ccccc1Sc1c(O)cc(-c2ccc(Cl)cc2)oc1=O,0.615220176584574,3.95,372.8730000000001,5.940400000000004
N#Cc1ccc(C2=C(O)CC(C=C3CCCC3)C([CH]CCC(N)=O)C2=O)cc1,0.7310300112030756,3.95,377.46400000000006,4.002770000000003
CC(=O)N[C@@H](CSc1cccc2ccccc12)C(=O)N1CCC(=O)[C@@H]1Sc1ccccc1,0.5266132069862959,4.3,464.61200000000025,4.356400000000003
CC(=CC=CCc1c(O)oc(O)cc1=O)NS(=O)(=O)c1cccc(C(F)(F)F)c1,0.6055994470217534,4.4,431.3880000000001,3.0508000000000015
O=C1CC=CC=CCCOC2=c3ccccc3=CCC2NC(=O)[C@H](Cc2cccc3ccccc23)C1,0.596897912368447,4.15,477.6040000000003,4.357900000000003
Cc1cccc(C)c1CNC(=O)[C@H]1NC(=S)N(Cc2ccccc2)C1=O,0.6283208779127578,4.050000000000001,367.47400000000016,2.20514
COC=CC=CCN1C[C@@H](O)[C@@](CC(C)C)(c2ccc(S(C)(=O)=O)cc2)C1=O,0.528016289321683,4.0,407.53200000000015,2.2934
O=[N+]([O-])c1ccc(C(=CS(=O)(=O)C2=CC=CCC=C2)CCO)cc1,0.6296054188054155,4.0,347.39200000000005,3.132900000000002
CC(C)[C@H](NC(=O)OCc1ccccc1)C(=O)N[C@@H](Cc1ccccc1)C(=O)C(C)(F)F,0.5800353312511182,4.1,446.49400000000014,3.8892000000000024
COC(O)COc1ccc2ccccc2c1,0.799299537901537,3.5999999999999996,218.25199999999998,2.1834
O=C1NC(Cc2ccccc2)P(=O)(O)C(CC2CCCNC2)N1,0.6313565046739451,4.15,337.36,1.8541999999999996
CC=C1CCSCC(C)NC(=O)[C@H](CC2CCCCC2)C[C@H](O)[C@H](Cc2ccccc2)NC1=O,0.5419969458936376,4.050000000000001,486.7220000000005,4.639400000000004
COc1cccc2c1-c1cc(OCCN3CCOCC3)ccc1CCCO2,0.807892161271663,4.1,369.4610000000002,3.398200000000002
O=C1N(CC2CCCC2)[C@H](CCc2ccccc2)[C@@H](O)[C@@H](Cc2ccccc2)N1CC1CC1,0.5681656751618668,4.15,446.6350000000002,5.297800000000006
C=CCC(c1cccc(NS(=O)(=O)c2ccc(F)cc2)c1)c1c(O)occc1=O,0.5689117665676074,4.25,415.4420000000002,3.9933000000000023
O=C(O)c1cccc(-c2cc(O)c(Sc3ccccc3C(F)F)c(=O)o2)c1,0.6507171171818791,4.25,390.36300000000006,4.799400000000003
CC=CC1=CCC[C@H]1C[C@@H](O)[C@H](Cc1ccccc1)NC(=O)[CH]CCNC,0.5251008418457211,3.6999999999999997,369.52900000000017,3.1911900000000015
O=C(NCc1ccccn1)C(c1ccccc1)N1CCC1=O,0.8535601176539064,3.95,295.34200000000004,1.6713999999999996
COc1ccc(C2CCCc3cc(O)ccc3OC2=O)cc1OC,0.6905599071136567,3.95,328.36400000000003,3.4349000000000016
C=CCN1C(=O)N(Cc2cccnc2)[C@H](Cc2ccccc2)[C@@H](O)[C@@H](O)[C@H]1Cc1ccccc1,0.5082292260099889,4.2,457.5740000000002,3.449600000000002
CC[CH]C(=O)N[C@@H](Cc1ccccc1)[C@@H](O)CN(Cc1ccccc1)C(=O)NC(C)(C)C,0.5290410593591937,3.9,438.5920000000002,3.699390000000003
CC(C)CC1(c2ccccc2)CC(=O)C(SCCc2ccccc2)=C(O)O1,0.6749454264856011,3.85,382.5250000000001,5.620400000000005
[CH]C(=O)NC(Cc1ccc(OCc2ccccc2)cc1)C(=O)C(F)(F)C(=O)N[CH]C(C)C,0.5228782005461416,4.1,443.4700000000001,3.142380000000001
O=C1[C@H](Cc2nc3ccccc3[nH]2)N1c1ccccc1,0.7380823763429933,4.0,263.3,2.5208000000000004
CC(C)[C@@H](F)NC(=O)CCNC(=O)C(F)F,0.6753686687641464,3.7,240.22499999999997,0.8255999999999996
CC[C@H](C)[CH]NC(=O)CN1CCCCCC1C[C@](C)(O)c1cccc(C(F)(F)F)c1,0.6222818089229983,4.0,427.531,4.871690000000005
CC(C)(C)OC(=O)NC(Cc1ccccc1)C(=O)C(F)(F)C(=O)NCc1ccccc1,0.624047935123013,4.1,432.4670000000001,3.643200000000002
CCCN(C=O)CC(O)COC1CCCC1C,0.6559470445247618,3.55,243.34699999999995,1.4208999999999996
CC(C)(C)NC(=O)[C@@H]1CN(Cc2ccc(Cl)nc2)CCN1C[C@@H](O)[C@@H](N)Cc1ccccc1,0.5079376764291559,4.25,474.04900000000026,2.0667999999999997
CC(C)CN(F)C[C@@H](O)[C@H](Cc1ccccc1)NC(=O)OCC(F)F,0.6285726871718593,3.95,362.39200000000005,2.7924000000000007
CC(C)CCC1(c2ccccc2)CC(=O)C(SCCc2ccccc2)=C(O)O1,0.5933789442224604,3.85,396.55200000000013,6.010500000000006
O=C(C[C@@H](Cc1ccc2c(c1)OCO2)C(=O)NCc1ccccc1)OCc1ccccc1,0.5181760553934185,4.2,431.4880000000001,4.023900000000003
CC=C1C=CCNC(=O)N(Cc2ccccc2)CC(O)[C@@H]1Cc1ccccc1F,0.8212781802892939,3.95,394.49000000000007,4.0732000000000035
C=CCN1C(=O)N(Cc2ccccc2)[C@H](Cc2ccccc2)[C@H](O)[C@@H](O)[C@H]1Cc1ccccc1,0.5027980286289983,4.1,456.5860000000002,4.054600000000003
CN1C(=NC#N)N(Cc2ccccc2)[C@H](Cc2ccccc2)[C@H](O)[C@@H](O)[C@H]1Cc1ccccc1,0.5591100286998728,4.2,454.5740000000002,3.215480000000002
O=C1N(CCCO)[C@H](Cc2ccccc2)[C@H](O)[C@@H](O)[C@@H](Cc2ccccc2)N1CC1CC1,0.5616232094750484,4.2,438.56800000000027,2.4608000000000008
CCc1nn(C)cc1CNC(=O)NC(CSc1ccccc1)C(=O)C(F)(F)F,0.6512785226106694,4.3,414.45300000000003,3.0740000000000016
CON(CC(C)C)[C@H](CO)CCC1CNC(=O)C(c2ccccc2)Oc2ccccc21,0.5987866620009956,4.050000000000001,426.55700000000013,3.680600000000002
O=C1N[C@@H](Cc2ccccc2)[C@@H](O)[C@H]2C(Cc3ccccc3)N12,0.8486925113263095,4.0,308.38100000000003,1.9773
CC(C)[CH][CH]OC(=O)N[C@@H](Cc1ccccc1)[C@H](O)CN1CCN(Cc2cccs2)C[C@H]1C,0.5191331510505469,4.15,471.6670000000003,3.974680000000003
CC(C)(C)NC(=O)[C@@H]1CN(c2ccccc2)CCN1C[C@@H](O)[C@H](Cc1ccccc1)NC=O,0.505590087125721,4.15,452.59900000000016,1.8100999999999994
CC(C)NC(=O)[C@@H]1CCCN1S(=O)(=O)c1ccccc1C[C@@H](O)[C@@H](N)Cc1ccccc1,0.5296405535914899,4.25,459.6120000000002,1.8376999999999988
CCCCOC(=O)Nc1c(Cl)cccc1Cl,0.8193008045420909,3.65,262.13599999999997,4.342000000000002
CCC(C=C(C)O)c1cccc(C(c2c3occ(c2=O)CCCO3)C2CC2)c1,0.6759375886016166,4.15,380.4840000000001,5.462100000000005
CCCCCC1(c2ccccc2)CC(=O)C(Sc2cccc(C)c2)=C(O)O1,0.5725338849282398,3.85,382.5250000000001,6.279420000000005
C=CCN1C(=O)N(Cc2ccccc2)[C@@H](Cc2ccccc2)[C@H](O)[C@H](O)[C@H]1Cc1ccccc1,0.5027980286289983,4.1,456.5860000000002,4.054600000000003
[CH]C(=O)N[C@@H](Cc1ccccc1)[C@H](O)CN1C[C@H]2CCCC[C@H]2C[C@@H]1C(=O)NCc1ccccc1,0.5209065077588675,4.2,475.63300000000015,2.982990000000001
CN(C)CCCCOc1cccc(C[C@H]2CNCCN2)c1,0.7120206116201973,3.6999999999999997,291.439,1.5111000000000003
[CH]C[C@H](Cc1ccccc1)NC(=O)C(NC(=O)N(C)Cc1csc(C2CCC2)n1)C(C)C,0.5585819342695236,4.15,454.64000000000016,4.4052900000000035
Cc1noc(C)c1[C@H](O)C[C@@H](Cc1ccccc1)C(=O)N[C@H]1c2ccccc2C[C@H]1O,0.5448344905766014,4.2,420.5090000000001,3.3483400000000016
O=C1C=CC=CC(CCCC2C=C(O)C(c3ccccc3)=CC2=O)CO1,0.8098258994494754,3.85,350.414,4.166500000000003
CCCC1NC(=O)N(CCOC)[C@H](Cc2ccccc2)[C@H](O)[C@@H](O)[C@H]1Cc1ccccc1,0.5598863872919881,4.050000000000001,440.5840000000001,3.018700000000001
CC=CC(SC1=C(O)OC(CCc2csc(N)n2)(C(C)C)CC1=O)C(C)(C)C,0.5627252031997153,4.0,424.63200000000023,5.493200000000004
O=c1ccoc(O)c1Cc1cccc(NS(=O)(=O)c2ccc3ccccc3c2)c1,0.5231691059398152,4.3,407.4470000000002,3.890200000000002
CC[CH]C(=O)N[C@@H](Cc1ccccc1)[C@@H](O)CC(=O)N1CCC[C@H]1C(=O)NC(C)(C)C,0.5579110406580887,4.0,430.56900000000013,1.9848899999999987
CCC(=O)C1=C(O)OC(CCO)(Cc2ccccc2)CC1,0.8450836452411058,3.6999999999999997,290.3590000000001,2.9094000000000015
C[CH]C[C@@H]1[CH]OC[C@@H]1OC(=O)N[C@@H](Cc1ccccc1)[C@H](O)CN1C[C@H]2CCCC[C@H]2C[C@H]1C,0.560617139013766,4.2,470.65400000000034,4.376480000000004
O=C1CC(CCc2ccccc2)(c2ccccc2)OC(O)=C1SCc1ccccc1,0.5006391500094386,4.0,416.54200000000014,6.164600000000005
CCCC1NC(=O)N(CC(C)C)[C@H](Cc2ccccc2)[C@H](O)[C@@H](O)[C@H]1Cc1ccccc1,0.5826781343451488,3.95,438.61200000000014,4.028300000000003
CC1(C)O[CH][C@H]([C@@H](Cc2ccccc2)N(CC#Cc2ccc3ccccc3n2)C(N)=O)O1,0.6256491310360911,4.2,428.51200000000017,3.8915900000000017
C=CCN1C(=O)N(CC=C)[C@@H](Cc2ccccc2)C(O)[C@H]1Cc1ccccc1,0.7144751254864424,3.85,376.5000000000001,3.6795000000000027
CCOC(=O)C(NC(=O)CC(C)c1ccc(O)cc1)c1ccccc1,0.7577571624249194,3.8,341.40700000000004,3.306400000000002
COc1c(Cl)ccc2c1C(COc1ccccc1)(c1ccc(O)cc1)C(=O)N2,0.6726962106011319,4.2,395.8420000000001,4.371400000000003
NC(=O)CCNC(=O)C(c1ccccc1)N1C(=O)CC1c1ccccc1,0.7436692955838107,4.050000000000001,351.4060000000001,1.6928999999999987
CC(=O)O[C@@H](CO)C(=O)Nc1nc2ccccc2[nH]1,0.6935740118158119,4.0,263.253,0.4253999999999995
CC(C)(C)OC(=O)N[C@@H](Cc1ccc(O)cc1)[C@@H](O)CC1CCCCC1,0.708995495943274,3.8,363.4980000000003,4.1593000000000035
CCC(c1cccc(NS(=O)(=O)c2ccc(C#N)cn2)c1)c1c(O)cc(C)oc1=O,0.6189784017361472,4.3500000000000005,425.4660000000001,3.263200000000001
COC(=O)[C@H](Cc1ccccc1)NC(=O)CCc1ccccc1,0.7994785743889347,3.6999999999999997,311.381,2.5197000000000003
C=CC(C=C1C=CC(C(c2c(O)oc3c(c2=O)CCCCCC3)C2CC2)=C1)CC,0.5922537288051319,3.9000000000000004,392.5390000000002,6.132800000000006
CC=CC=C1CN(Cc2ccc3c(c2)OCO3)C(=O)NCCCC[C@@H](CO)N(CC(C)C)N1S,0.5244273370542634,4.3500000000000005,490.6700000000002,3.9515000000000033
CCC(C)(C)OC(=O)N[C@@H](CC1CCCCC1)[C@@H](O)C[C@H](C=O)C(C)C,0.5574168131011668,3.65,369.5460000000001,4.4623000000000035
CN[C@@H](Cc1ccccc1)[C@H](O)CN1CC[C@@H](OCc2ccccc2)C[C@H]1C(=O)NC(C)(C)C,0.5006933124348206,4.050000000000001,467.6540000000002,3.142500000000001
C=CC=CC=CC[CH][C@H](O)CN1CCN(S(=O)(=O)c2cccnc2)C[C@H]1C(=O)NC(C)(C)C,0.5014749432004391,4.2,475.6350000000003,1.9248899999999998
CC(Cc1ccc(C(F)(F)F)cc1)NC(=O)[C@@H](NC(=O)OCc1ccccc1)C(C)C,0.6302392364962441,4.1,436.4740000000001,4.703600000000003
CC(C)(C)NC(=O)[C@@H]1CCCN1C(=O)C(=O)[C@H](Cc1ccccc1)NC(=O)[CH]CCN,0.5000759026721887,4.1,429.5410000000001,0.7417900000000024
CC=CC(=O)N[C@@H](Cc1ccccc1)[C@H](O)CN1C[C@H]2CCCC[C@H]2C[C@H]1C(=O)NC(C)(C)C,0.5095986197143245,4.050000000000001,469.6700000000001,3.4463000000000017
CC=CC(SC1=C(O)OC(CCc2ccc(O)cc2)(C(C)C)CC1=O)C(C)C,0.5384586202342339,3.8,404.5720000000002,5.770000000000006
CC[C@H](O)CN1CCN(C[C@@H](O)[C@H](Cc2ccccc2)NC(=O)OC(C)(C)C)CC1C,0.5517737082903205,4.0,435.60900000000026,2.2603
O=c1c2c(oc(O)c1C(C1CC1)C1CC1)C(CC1CC1)CCCCCC2,0.7425894794298991,4.05,356.50600000000026,5.639300000000005
O=c1cc(-c2cccc(O)c2)oc(O)c1SCc1ccccc1,0.7089073928691839,3.95,326.373,4.010300000000002
CC[CH]C(=O)N[C@@H](Cc1ccccc1)[C@@H](O)C(=O)N1CCC[C@H]1C(=O)N[CH]C(C)CC,0.5010661503514002,4.0,429.56100000000015,2.004179999999999
Nc1ccn([C@@H]2O[C@@H](CO)C=C2F)c(=O)n1,0.7149519080653471,4.0,227.195,-0.4314
CC(C)C(NC(=O)OCc1ccccc1)C(=O)NC(Cc1ccccc1)C(=O)C(C)(F)F,0.5800353312511182,4.1,446.49400000000014,3.8892000000000024
C[CH]C(=O)N[C@@H](Cc1ccccc1)[C@H](O)CN1C[C@H]2CCCC[C@@H]2C[C@H]1C(=O)NC(C)(C)C,0.5615038849890159,4.050000000000001,456.65100000000007,3.0943900000000006
O=C(CCc1ccccc1)NC(CC1CC1)C(=O)NCC1N=Cc2cncnc21,0.6831448677074473,4.3,391.47500000000014,1.9840999999999989
CC1Cc2cc(Br)c(O)cc2C2(C1)CC(C)(C)c1ccc(O)cc12,0.6346695437071477,3.9000000000000004,387.31700000000006,5.4100000000000055
Cc1cccc(C=C2OC(=O)C(Sc3ccccc3C(C)C)=C2O)c1,0.729942987160073,3.85,352.45500000000015,5.578020000000005
COCCNCC(=O)N[C@@H](Cc1ccccc1)[C@H](O)CN1CC(C)C1,0.5000358761343732,3.9,349.4750000000002,0.2625000000000013
CC(C)CN(C[C@@H](O)[C@H](Cc1ccccc1)NC(=O)O[C@H](C)[C@H]1COCCO1)S(C)(=O)=O,0.5003846080765303,4.3,472.6040000000003,1.406300000000001
O=c1oc2ccccc2c(O)c1CSc1ccc(Cl)cc1Cl,0.5258845132798832,4.050000000000001,353.226,5.097700000000002
O=c1ccoc(O)c1Cc1cccc(NS(=O)(=O)c2cccc3cccnc23)c1,0.5244385106322591,4.4,408.4350000000002,3.2852000000000015
CCSCC1=C(O)C=C(C)OC(=O)Cc2c(C(=O)N3CCC(C(N)=O)CC3)cccc21,0.6757140202022142,4.25,444.5530000000003,3.049400000000001
CCC(c1ccccc1)c1c(O)c2c(oc1=O)CCC2,0.9298316298089221,3.75,270.328,3.376000000000002
O=c1cc(-c2ccccc2)oc(O)c1SCc1ccccc1,0.7297609886315177,3.85,310.37399999999997,4.304700000000003
O=c1oc(-c2ccccc2)cc(O)c1SCc1ccccc1,0.7297609886315177,3.85,310.37399999999997,4.304700000000003
CC(C)(C)NC(=O)c1ccccc1CSc1c(O)cc(-c2ccccc2)oc1=O,0.5900260774886014,4.050000000000001,409.5070000000001,4.8330000000000055
C=CN1C(=O)NC1SC=C1C(C)=CC2C=COC2=C1N,0.8366015500787667,4.050000000000001,289.36,2.3461000000000003
CC(C)(C)NC(=O)c1ccccc1CC(O)CNc1ccccc1C(=O)NC(C)(C)C,0.5437010793044548,3.9,425.5730000000002,3.758700000000002
CSCC[C]1C[C@@H](O)C[C@](CO)(Cc2ccccc2)CN1Cc1cccc(CO)c1,0.5691365338796389,3.95,428.61800000000017,3.642090000000003
CNC(=O)[C@@H](O)[C@H](Cc1ccc(C(F)(F)F)cc1)NC(=O)c1c(C)ccc(O)c1C,0.5726996839045787,4.2,424.41900000000004,2.47584
CCCCC1(c2ccccc2)CC(=O)C(SCCc2ccccc2)=C(O)O1,0.6299530996853473,3.85,382.5250000000001,5.764500000000005
CCCC1(CCc2ccccc2)CC(=O)C(C(Cc2ccccc2)C2CC2)=C(O)O1,0.5422329408943581,3.9000000000000004,404.5500000000001,6.186000000000006
CC(C)C(C=O)NC(=O)N(C)Cc1ccc(C(C)(C)C)o1,0.8492482920003951,3.65,294.395,2.942000000000001
COC(=O)c1[nH]c2ccc(Cl)cc2c1Sc1ccccc1,0.7081492028820215,3.95,317.797,4.759100000000003
CC(C)(C)NC(=O)c1ccccc1CC(O)CSc1ccccc1C(=O)NC(C)(C)C,0.5541517434516489,3.9,442.62500000000017,4.438900000000004
COc1c(Cl)ccc2c1C(C#Cc1cccnc1)(C(F)(F)F)NC(=O)N2,0.7405251577307623,4.3500000000000005,381.741,3.6880000000000006
O=C1N(Cc2ccccc2)CCS[C@@H](Cc2ccccc2)N1Cc1ccccc1,0.549084066107438,4.0,402.56300000000005,5.4264000000000046
[CH]C[C@H](Cc1ccccc1)NC(=O)C(NC(=O)OCc1csc(N2CCOCC2)n1)C(C)C,0.5521986909691354,4.3500000000000005,472.6110000000002,3.059190000000001
CC=CC=CS(=O)(=O)N1COC(COC)N(C)C(=O)N[C@@H](Cc2ccccc2)[C@H](O)C1,0.6024219284857533,4.3,453.5610000000002,1.2818
CCCN1C(=O)N(CCC)[C@H](Cc2ccccc2)[C@H](O)[C@@H](O)[C@H]1CCc1ccccc1,0.6421363728548145,3.95,424.58500000000015,3.8785000000000034
CCCC1=CC=CC=CC[SH]2C=CN=C2CNC(=O)CCNC1=O,0.6711774054476605,3.9,347.48400000000004,2.3459000000000003
CNC(=O)[C@@H]1C[C@@H]2CCCC[C@@H]2CN1C[C@@H](O)[C@H](Cc1ccccc1)NC(=O)O[C@H]1CCO[C@@H]1C,0.5210639514943928,4.4,487.6410000000004,2.4889
Nc1c(Br)[nH]cnc1=Nc1ccc(O)cc1C=CO,0.501880380273394,4.0,323.15,2.2211
CO[C@@H]1OC(CNC(=O)OCc2ccccc2)[C@@H](O)C(OCc2ccccc2)[C@H]1O,0.5988669945033068,4.25,417.45800000000014,1.5912999999999995
CNC(=O)c1[nH]c2ccccc2c1Sc1ccccc1,0.7694225381020261,3.85,282.368,3.678700000000002
CCCCCCCc1cc(O)c(C(CC)c2ccccc2)c(=O)o1,0.6269487228564314,3.5999999999999996,328.4520000000001,5.400200000000004
C=CCC(c1cccc(NS(=O)(=O)c2ccc(Cl)cc2)c1)c1c(O)occc1=O,0.5363693241868284,4.25,431.89700000000016,4.507600000000003
O=C(O)c1cccc(CSc2c(O)oc3ccccc23)c1,0.7088872979735896,3.95,300.335,4.128900000000002
C[CH]C(=O)N[C@@H](Cc1ccccc1)[C@H](O)CN1CC2CCCCC2C[C@H]1C(=O)NC(C)(C)C,0.5615038849890159,4.050000000000001,456.65100000000007,3.0943900000000006
CCN(Cc1ccccc1)C(=O)C(F)(F)C(=O)C(N)Cc1ccc(C(C)(C)C)cc1,0.6590459699849673,3.9,416.51200000000017,4.107000000000003
CC(NC(=O)c1ccccc1)C(=O)OCC(=O)C(Cc1ccccc1)NC(=O)N1CCCC[C@H]1C,0.5379810465615311,4.25,479.5770000000003,3.1125000000000007
[CH][C@@H](O)[C@@H](OCc1ccc(-c2cccc(C(C)=O)c2)cc1)C(=O)N[CH]C(=O)NC,0.5588518871611213,4.0,395.4350000000001,1.5373800000000002
Cc1ccccc1[CH]NC(=O)[C@H](Cc1ccccc1)C[C@@H](O)CN1CCC[C@H]1C(=O)OC(C)(C)C,0.5031224990288913,4.050000000000001,479.6410000000001,4.037110000000003
CNC(=O)[C@@H]1C[C@@H]2CCCC[C@@H]2CN1C[C@@H](O)[C@H](Cc1ccccc1)NC(=O)O[C@@H]1CCO[C@@H]1C,0.5210639514943928,4.4,487.6410000000004,2.4889
CCC(=CC=CC1=Cc2cc(C#N)ccc2S(=O)(=O)N1)C1=C(O)OC2CCCC2C1=O,0.6937257774731389,4.4,438.5050000000001,3.6212800000000023
CCCCCCC1(c2ccccc2)CC(=O)C(Sc2ccc3c(c2)CCO3)=C(O)O1,0.5043226570264254,4.1,424.56200000000024,6.296000000000006
CC(C)[CH][CH]OC(=O)N[C@@H](Cc1ccccc1)[C@H](O)CN1CCN(C2CCCCC2)C[C@H]1C,0.5550416758835102,4.050000000000001,457.65900000000045,4.0456800000000035
CNC=CCN1C(=O)N(c2cccc(NC)c2)[C@H](Cc2ccccc2)[C@H](O)[C@@H](O)[C@H]1C,0.5483896452676332,4.15,424.5450000000002,2.4250000000000007
COc1cccc(OCC/C=C(/Cc2ccccc2)C(=O)O)c1,0.5960522811419761,3.6999999999999997,312.365,3.7178000000000013
O=C1CC(c2ccccc2)(c2ccccc2)OC(O)=C1SCc1ccccc1,0.6197186192901425,4.0,388.4880000000001,5.580100000000004
O=C(OC1COc2cc(O)cc(O)c2C1)c1ccc(F)cn1,0.8223761179705426,4.15,305.261,1.7923999999999995
C[CH]C[C@H]1[CH]OC[C@@H]1OC(=O)N[C@@H](Cc1ccccc1)[C@H](O)CN1C[C@H]2CCCC[C@H]2C[C@H]1C,0.560617139013766,4.2,470.65400000000034,4.376480000000004
CCCc1cc(=O)c(C(c2cccc(CS(=O)(=O)c3ccccc3)c2)C2CC2)c(O)o1,0.545344475828666,4.2,438.54500000000024,4.813700000000004
O=c1oc2ccccc2c(O)c1CCCOc1ccccc1,0.5779350570067042,3.85,296.32199999999995,3.510200000000002
COC=CC(C(=COC)OC)C1NC(=O)N(Cc2cccc(C(C)=O)c2)CC1=O,0.5030157442570189,4.1,402.44700000000023,2.2626
CC(C)(C)OC(=O)NC(C(=O)NC1CC1)C(=O)C1CCC1,0.7534706831729318,3.9,296.367,1.5274999999999999
O=c1oc2ccccc2c(O)c1Cc1ccccc1,0.7128917602507242,3.75,252.26899999999998,3.0894000000000013
CC(C)(C)OC(=O)N[C@@H](Cc1ccccc1)[C@@H](O)C[C@H]1C=CC(CO)CCC=CC=CC1,0.5232326157428974,3.8,441.61200000000025,4.950600000000006
C=CC=CS(=O)(=O)N(CC(C)C)C[C@@H](O)[C@H](Cc1ccccc1)NC(=O)C(F)(F)F,0.5098199850221097,4.15,448.5070000000001,2.624600000000001
C[CH]C[C@@H](O)[C@@H](Cc1ccccc1)C1[C](C)[C@H](C(=O)O)[CH]C[C@H](O)C(C)(C)[CH]C1=CC,0.5807809120486118,3.6999999999999997,426.5970000000002,4.877560000000004
CCC(c1ccccc1)c1c(O)c2c(oc1=O)C(C)CCCCCC2,0.80265868407433,3.75,340.4630000000002,5.497400000000005
C=CC=CC=CCNC(=O)[C@@H](NC(=O)Cc1ccccc1)[C@H]1CC(C)S1,0.657124543694084,3.8,370.5180000000001,3.0225000000000017
C=C1OC(=O)C(SCc2ccccc2)=C(O)C=C1C=COC,0.660387291363494,3.8,316.3780000000001,3.846400000000002
O=c1oc2ccccc2c(O)c1CCCOc1cccnc1,0.5788164322349472,3.95,297.30999999999995,2.9052000000000007
O=c1cc(-c2ccccc2)oc(O)c1C(SC1CCCCC1)c1ccccc1,0.5641739800290072,4.0,392.52000000000027,6.167700000000006
CN1C(=NC#N)N(CC2CCCCC2)[C@H](Cc2ccccc2)[C@H](O)[C@@H](O)[C@H]1Cc1ccccc1,0.643925819751165,4.2,460.6220000000001,3.5955800000000027
O=c1oc2ccccc2c(O)c1CCCOCc1ccc(Cl)cc1,0.5346707648110789,3.95,344.794,4.301400000000003
CC(C)CC(CC1CCCCC1)c1c(O)cc(-c2ccccc2)oc1=O,0.6803624856641969,3.75,354.49,6.112500000000007
CC(C)(C)NC(=O)c1ccccc1CC(O)CCc1ccccc1C(=O)OC(C)(C)C,0.6303235883774967,3.8,425.56900000000013,4.706400000000004
COCc1c(O)cccc1C(=O)N[C@@H](Cc1ccccc1)[C@H](O)C(=O)N1CSC(C)(C)[C@H]1C,0.546448246553736,4.25,472.6070000000002,2.9406000000000017
CC1(C)O[CH][C@H]([C@@H](Cc2ccccc2)N(CC#Cc2cnc3ccccc3c2)C(N)=O)O1,0.6256491310360911,4.2,428.51200000000017,3.8915900000000025
Cc1ccccc1CSc1c(O)cc(-c2ccccc2)oc1=O,0.7118795725268949,3.85,324.40100000000007,4.613120000000004
CCC[C@@H]1[C@@H](O)[C@H](Cc2ccccc2)N(c2ccc(N)c(F)c2)C(=O)N1CCC=CN,0.5615727131791688,4.15,426.53600000000023,3.6533000000000024
O=C(O)c1cccc(CSc2c(O)cc(-c3ccccc3)oc2=O)c1,0.6734166545055661,4.050000000000001,354.38300000000004,4.002900000000003
CC(C)[C]1CC[C@](C)(C(=O)O)C[C@H](C)O1,0.766834061453326,3.45,213.29699999999997,2.8542900000000007
[C][C@]1(c2ccccc2)OC[C]2CNC3[C]C(O)C(NC2)[C@]3(CO)[C@H]1c1ccccc1,0.6215297176533179,4.4,402.4940000000001,1.2229700000000012
O=C1CC2(CCCc3ccccc32)OC(O)=C1SCCc1ccccc1,0.8350089914524962,4.0,366.48200000000014,4.910600000000004
COc1ccc2[nH]c(C(=O)NN(Cc3ccc(Cl)c(Cl)c3)C3CC3)cc2c1,0.5810385196788689,4.3,404.2970000000002,4.7927000000000035
O=C(Nc1nc2ccccc2[nH]1)C(c1ccccc1)c1ccccc1,0.585845767419652,4.0,327.38700000000006,4.333500000000003
C=CCN1C(=O)N(CC(=C)C)[C@H](Cc2ccccc2)[C@H](O)[C@@H](O)[C@@H]1Cc1ccccc1,0.6433777786159972,3.95,420.5530000000001,3.430500000000002
[N+]#CCCCN1C(=O)N(CC2CC2)[C@H]([C@@H](F)Cc2ccccc2)[C@@H](O)[C@H]1Cc1ccccc1,0.5378941242062454,4.2,449.5700000000002,4.6330000000000044
Cc1cc(S(C)(=O)=O)ccc1[C@@]1(CC(C)C)COC=CC=CCNC[C@@H]1O,0.8226508131900685,3.9,393.54900000000015,2.7330200000000007
CC(C)CC1OC(O)=C(SCc2ccccc2)C(=O)CC1c1ccccc1,0.6821468076406214,3.85,382.5250000000001,5.834800000000006
CC(C)(C)NC(=O)[C@@H]1CN(C2CCOCC2)CCN1C[C@@H](O)C[C@H](C=O)Cc1ccccc1,0.5489909049868357,4.15,459.63100000000014,1.875100000000001
CC(C)(C)OC(=O)N[C@@H](Cc1ccccc1)[C@H](O)CN1Cc2ccccc2C[C@H]1O,0.6797377751321763,4.050000000000001,412.5300000000002,2.8600000000000017
[CH][C@H](Cc1ccccc1)NC(=O)[C@@H](NC(=O)NCC1C=NN(c2ccccc2)C1)C(C)C,0.5684515929434705,4.15,433.5560000000002,2.870990000000001
Cc1ccccc1CNC(=O)CCSc1ccccc1,0.8180859751335787,3.5999999999999996,285.412,3.7936200000000024
CC(C)(C)[C@@H]1NC(=O)[C@@H](NCc2ccccc2)CC=C(c2ccccc2C=O)N1C(N)=O,0.6283288242369228,4.15,434.5400000000002,3.2712000000000003
O=CC[C@@H](O)[C@H](Cc1ccccc1)NC(=O)CC1c2ccccc2-c2ccccc21,0.5653598192616472,4.0,399.4900000000001,3.8664000000000023
CCCc1ccccc1[SH]1C=C(O)OC(CCCC(N)=O)(c2ccccc2)CC1=O,0.5252523116444608,4.050000000000001,427.5660000000002,4.854100000000003
CCN1C(=O)NCC1C(=O)N[C@H](C=O)C(C)C,0.6508649549298331,3.75,241.29099999999997,-0.2601999999999991
NC(=O)[C@H](CCc1ccccc1)NC(=O)[C@H](CCc1ccccc1)NC(=O)C(F)(F)F,0.5336729488112503,4.2,435.4460000000001,2.269199999999999
CC(C)=CCCC(C)C1=C(O)C(C)(C(=O)NCc2nc[nH]n2)OC1=O,0.5118649488780196,4.1,348.403,1.9309999999999998
CCN(CC(O)C(Cc1ccccc1)NC(=O)OCc1ccccc1)c1ccccc1,0.5119467841764728,3.95,418.53700000000015,4.411500000000003
CCCC1(c2ccccc2)CC(=O)C(SCCc2ccccc2)=C(O)O1,0.713123477386015,3.85,368.498,5.374400000000005
COC(=O)CCCC1(c2ccccc2)CC(=O)C(SCCc2ccccc2)=C(O)O1,0.5741107164227048,4.050000000000001,426.5340000000002,4.917600000000004
O=C1c2ccccc2C(CCc2ccccc2)CC(O)C1C1=CC=CNC1,0.8111669737182042,3.9000000000000004,359.4690000000001,4.009800000000003
CC(C)CC1=C(O)C=COCCc2c(NS(=O)(=O)c3ccc(F)cc3)cccc21,0.7156039442161066,4.15,417.5020000000002,5.028100000000004
O=c1ccoc(O)c1Cc1cccc(NS(=O)(=O)c2ccc(Cl)c(Cl)c2)c1,0.6420221247484891,4.3500000000000005,426.27700000000016,4.043800000000002
C[CH]NC(=O)[C@H](Cc1ccccc1)C[C@H](O)[C@H](Cc1ccccc1)NC(=O)OC(C)(C)C,0.521576590174906,3.9,439.5760000000002,4.030190000000003
CCC(=O)N1CCC[C@H]1C(=O)NC(C(N)=O)[C@@H](CNC(=O)OC(C)(C)C)OC(C)(C)C,0.5135192608244245,4.15,442.5570000000003,1.0659000000000027
COC(=O)[C@H](CSc1ccccc1)NC(=O)C1=CC=CCC1,0.6473018612855401,3.8,317.41000000000014,2.712900000000001
O=C1N(CC2CC2)[C@H](Cc2ccccc2)[C@H](O)[C@H](O)[C@@H](Cc2ccccc2)N1CC1CC1,0.6685819495878444,4.25,434.58000000000027,3.488400000000002
CNC(=O)[C@@H]1C[C@@H]2CCCC[C@@H]2CN1C[C@@H](O)[C@H](Cc1ccccc1)NC(=O)O[C@H]1CCO[C@H]1C,0.5210639514943928,4.4,487.6410000000004,2.4889
Nc1ccn([C@@H]2C=C(F)[C@H](CO)O2)c(=O)n1,0.7149519080653471,4.0,227.195,-0.43139999999999995
C=CC=CCNC(=O)N(Cc1cccc(C#N)c1)[C@H](Cc1ccccc1)[C@H]1[CH]OC(C)(C)O1,0.5672764353298712,4.050000000000001,444.5550000000002,4.736670000000005
CC(C)c1ccccc1SC1=C(O)OC(CCC(=O)N2CCNCC2)(c2ccccc2)CC1=O,0.5967732002015788,4.3,480.6300000000003,4.726100000000004
Cc1cn([C@H]2C=C(F)[C@H](CO)O2)c(=O)nc1O,0.7621657033550895,4.0,242.20599999999996,0.0004199999999997539
O=C1Nc2ccc(Cl)c(O)c2C(C(=O)Nc2ccccc2)(C(F)(F)F)N1,0.6366409951465168,4.45,385.729,3.577
C[CH]NC(=O)[C@H]1NC(=O)[C@H](Cc2ccccc2)S(=O)(=O)C(=CC=C(C)O)C1CC,0.6119763125274036,4.1,419.5230000000002,2.1806900000000002
[CH]CCCCN(Cc1ccccc1[C@H](O)[C@@H](O)[CH]Cc1ccccc1)C(=O)NC,0.5096162079150592,3.8,395.52300000000014,3.5506800000000025
COc1cccc(-c2cc(O)c(Sc3ccccc3C(C)C)c(=O)o2)c1,0.662442611018968,3.95,368.4540000000001,5.295600000000004
CC(C)C[C@]1(C(=O)NC(C)C)C(=O)N(CC2=CC=COC2)C[C@@H]1O,0.7149479527725339,3.9,336.4320000000001,1.2168999999999996
CCC[C]1CC=C(O)C=C(C(c2ccccc2)C2CC2)OC(=O)C1Cc1ccccc1,0.5127159817157382,3.9000000000000004,415.55300000000017,6.6863900000000065
C=C(C=CC=C1C=C(O)CCCCOC(=O)C1C)NS(=O)(=O)c1ccc(Cl)cc1,0.5250291862054528,4.1,437.94500000000016,4.419700000000003
CCC(Oc1ccccc1C=O)C(=O)NC(C)(C)C,0.8306224131665491,3.55,263.337,2.571200000000001
C=S1C=CCC12C=CC=CCN1C(=O)N[C@H](CCc3ccccc3)[C@@H](O)[C@H]1Cc1cccc2c1,0.6229707319890535,4.25,472.6540000000002,4.924800000000005
CC(F)(F)C(=O)C(Cc1ccc(OCc2ccccc2)cc1)NC(=O)CNC=O,0.5629816484910086,4.1,404.41300000000007,2.2632000000000003
Cc1ccccc1CC(N)C(=O)[C@@H](NC(=O)OC(C)(C)C)C(=O)C(N)Cc1ccccc1,0.5156741394020883,4.0,439.5560000000002,2.4663200000000005
C=CCCN1C(=O)N(CC2CCC2)[C@H](Cc2ccccc2)[C@H](O)[C@@H](O)[C@H]1Cc1ccccc1,0.5692108142624347,4.1,448.60700000000026,4.0446000000000035
COc1ccccc1OCCCc1c(O)oc2ccccc2c1=O,0.7019804268130557,3.95,326.348,3.5188000000000024
CC(C)(C)OC(=O)N[C@@H](Cc1ccccc1)[C@@H](O)CC(=O)N1CCc2ccccc21,0.764438966268734,4.050000000000001,410.51400000000024,3.4627000000000026
Nc1nc(O)c2ncn([C@@H]3CC(F)(F)[C@H](CO)O3)c2n1,0.7123498656571915,4.45,287.226,0.02920000000000006
O=c1oc2ccccc2c(O)c1CCCOCc1ccccc1,0.5575184709690225,3.85,310.34899999999993,3.6480000000000024
O=c1cc(-c2ccccc2)oc(O)c1SCc1ccc2c(c1)OCCO2,0.7001504852571013,4.2,368.41000000000014,4.0759000000000025
CCC(=O)C1=C(O)OC(CC)(c2ccccc2)CC1,0.8939796112240721,3.5999999999999996,260.33299999999997,3.8510000000000026
CCNC(=O)[C@@H]1CSCN1C(=O)[C@@H](O)[C@H](Cc1ccccc1)NC(=O)c1cc(Cl)cnc1C,0.5198372338458629,4.45,491.01300000000026,1.7830199999999996
C=c1cn[nH]c1=CC=CCN1C(=O)N(Cc2ccccc2)CCS[C@@H](C2CC2)[C@@H]1Cc1ccccc1,0.5061022418972573,4.35,498.6960000000002,4.217600000000003
CC(C)[CH][CH]OC(=O)N[C@@H](Cc1ccccc1)[C@H](O)CN1[CH]CN(CCc2ccccc2)CC1,0.5011832325975633,4.050000000000001,464.63000000000034,3.728970000000003
O=C1CC2(CCCc3ccccc32)OC(O)=C1SCc1ccccc1,0.8560919422670288,4.0,352.4550000000001,4.868100000000004
NC(=O)c1[nH]c2ccc(Cl)cc2c1Sc1ccccc1,0.7658757402854784,3.95,302.786,4.0714000000000015
C[C@H](Cc1ccc2c(c1)OCO2)C[C@H](O)[C@H](Cc1ccccc1)NC(=O)OC(C)(C)C,0.6495185480067763,4.050000000000001,427.5410000000003,4.480900000000004
CC(=CC(=O)NC(C)(C)C)CCC(O)Cc1ccc2ccccc2c1C(=O)NC(C)(C)C,0.5374306777982882,3.8,438.6120000000002,4.9127000000000045
O=C(O)CCCCC1(c2ccccc2)CC(=O)C(SCCc2ccccc2)=C(O)O1,0.5069397553703431,4.050000000000001,426.5340000000002,5.219300000000005
O=c1c(CCc2ccc(O)cc2)c(O)oc2ccccc12,0.7744015825016021,3.85,282.295,2.9894000000000007
O=C1N[C@H](Cc2ccccc2)[C@H](O)[C@@H](O)[C@@H](Cc2ccccc2)N1CC1CC1,0.720402541030043,4.1,380.48800000000017,2.3660000000000005
CC[C@H]1C=C(CNC(=O)N[C@@H](C)c2cccc(OCC(C)C)c2)N=NO1,0.7304844302875619,4.0,360.45800000000014,4.141500000000003
[CH]C[C@H](O)[C@H](CC1CCCCC1)NC(=O)C(NC(=O)OCc1ccc(C#N)cn1)C(C)C,0.5113253736379576,4.1,442.5600000000003,3.1213700000000015
CCOC(=O)N1CSC[C@H]1C(=O)N[C@@H](Cc1ccccc1)[C@H](O)CN1C[C@H]2CCCC[C@H]2C[C@H]1C,0.56512598830924,4.4,503.70900000000034,3.506800000000002
O=C(Nc1nc2ccccc2[nH]1)C(c1ccccc1)N1CCC1=O,0.7249646277681002,4.2,320.35200000000015,2.4750000000000005
C[C@H](Cc1ccncc1)C[C@H](O)CN1CCN(Cc2cc(Br)cs2)C[C@H]1C(=O)NC(C)(C)C,0.5075602666600719,4.25,537.5680000000002,3.936300000000003
CC=CS(=O)(=O)N(CC(C)C)C[C@@H](O)[C@H](Cc1ccccc1)NC(=O)[C@H]1CCCN(C)C1,0.5231523001784454,4.1,465.6600000000003,2.2380000000000004
C[C@H](Cc1ccncc1)C[C@H](O)CN1CCN(Cc2ccccc2)C[C@H]1C(=O)NC(C)(C)C,0.6119271877545491,4.050000000000001,452.64300000000026,3.112300000000001
CN(C)C(=O)OCCOc1ccccc1,0.7091732223219496,3.55,209.245,1.7636
N#Cc1ccc(Cn2cnc(CC/C=C/c3ccccc3C[CH]OC(N)=O)c2)cc1,0.5819388527365962,4.050000000000001,399.4740000000001,4.248670000000004
CCCC1CC(=O)C(SCCc2ccccc2)=C(O)OC(C)C1,0.8056832312298287,3.6999999999999997,334.48100000000005,4.873700000000004
CC(C)(C)OC(=O)N[C@@H](Cc1ccccc1)[C@@H](O)CC(=O)N[C@@H]1c2ccccc2C[C@H]1O,0.5294725021085878,4.15,440.5400000000002,2.6479000000000013
O=CCNc1ccccc1C=Nc1ccccc1,0.6421965782455156,3.5999999999999996,238.29,3.048000000000002
CCCC=C(O)OC(C)(CC)c1cccc(NS(=O)(=O)c2ccc(C#N)cc2)c1,0.5494317505750396,4.0,414.52700000000016,5.200380000000004
CC(C)CN(C[C@@H](O)[C@H](Cc1ccccc1)NC(=O)[CH]C1CO[C@H]2OCC[C@@H]12)S(C)(=O)=O,0.5068487523767893,4.3500000000000005,467.6080000000003,1.2056900000000013
CC(C)C(NC(=O)N(C)Cc1cc(C(C)(C)C)on1)C(=O)N[CH]Cc1ccccc1,0.6913550897165608,4.0,413.5420000000001,3.6587900000000024
O=C1N[C@H](Cc2ccccc2)[C@H](O)[C@@H](O)[C@@H](Cc2ccccc2)N1,0.6823411173944349,3.95,326.396,1.2435999999999998
CC1=C(O)C=CCC1c1cccc(NS(=O)(=O)c2ccc(F)cc2)c1C,0.8081175104052065,4.050000000000001,373.44900000000007,4.810420000000003
CCC1C(=O)C(CCCc2ccccc2)=C(O)OC1COCCOC,0.6563228087867153,3.8,348.439,3.4360000000000017
CCN1C(=O)N(CC#Cc2ccoc2)[C@H](Cc2ccccc2)[C@H](O)[C@@H](O)[C@H]1Cc1ccccc1,0.5558008868736747,4.2,458.55800000000016,3.333000000000002
O=c1ccoc(O)c1Cc1cccc(NS(=O)(=O)c2cc(Cl)cc(Cl)c2)c1,0.6420221247484891,4.3500000000000005,426.27700000000016,4.043800000000002
CCC(c1ccccc1)c1c(O)c2c(oc1=O)CCCCCC2,0.9044788165341604,3.75,312.4090000000001,4.546300000000004
NC1=NC(=C(Cc2ccccc2)SCCO)C1Br,0.816111721103097,3.8,327.24699999999996,2.3005000000000004
CC(C)[CH]NC(=O)c1ccccc1OCCOc1ccccc1,0.7562329354746806,3.6999999999999997,312.38899999999995,3.6919900000000023
O=C(NCc1ccccc1)C(c1ccccc1)N1CCC1=O,0.8600992047139489,3.85,294.3540000000001,2.2763999999999998
CC(C)C1(CCc2ccoc2)CCC2=CC=CC=C(CSC=C(O)O1)NC2,0.7166213239024448,3.95,387.5450000000002,5.477200000000005
CCN(Cc1ccccc1)C[C@@H](O)[C@H](Cc1ccccc1)NC(=O)O[C@H]1CO[C@H]2OCC[C@H]21,0.5746749107591681,4.3,454.56700000000023,2.968300000000001
CC(C)C[C@@H]1[C@H](O)[C@@H](O)[C@@H](CC(C)C)N(CC2CC2)C(=O)N1Cc1ccccc1,0.6934234400795672,3.95,402.5790000000001,3.8854000000000033
CN(C)C(=O)[C@@H]1C[C@@H]2CCCC[C@@H]2CN1C[C@@H](O)[C@H](Cc1ccccc1)NC(=O)[CH]C[S+],0.5525770291062952,4.15,459.6560000000001,1.7948899999999992
CC(C)(C)NC(=O)C(CC1CCCCC1)N1CCC1=O,0.804275932580938,3.6999999999999997,280.4119999999999,2.4724000000000004
CC(C)[C@@H](C=O)NC(=O)N(C)Cc1ccccn1,0.8032511109527833,3.65,249.314,1.4465
CC(C)S[C@@H](F)[C@H](NC(=O)Cc1ccccc1)C(=O)NCC(F)F,0.7097818976191304,3.95,362.41700000000003,2.532400000000001
O=c1cc(-c2ccccc2)oc(O)c1Sc1ccccc1,0.7880276183486455,3.85,296.347,4.163600000000002
O=c1oc2ccccc2c(O)c1CCOCCBr,0.5231996035146881,3.8,313.14699999999993,2.4526000000000003
NC(=O)CCCC1[C@H]2CC(C(F)(F)F)CN2C(=O)N1Cc1cccc(O)c1,0.7892058233561363,4.3500000000000005,385.3860000000001,2.604800000000001
[O-][S+]1C[C@](CO)(Cc2ccccc2)[C@H](O)[C@](CO)(Cc2ccccc2)N1,0.5606198462719099,4.050000000000001,375.4900000000001,0.8093999999999991
[CH][C@H](C)NC(=O)[C@H](Cc1ccccc1)C[C@H](O)[C@H](Cc1ccccc1)NC(=O)OC(C)(C)C,0.5094207887020522,3.9,452.5950000000002,3.948090000000003
CN(CCc1ccccc1)C(=O)C(Cc1ccccc1)N1C(=O)CC1c1ccccc1,0.5185460301917321,4.0,412.53300000000013,4.272400000000004
CC(C)CCC1(c2ccccc2)CC(=O)C(SCCc2ccccc2)[C@@H](O)O1,0.6818618065935362,3.85,398.56800000000015,4.970400000000006
CNC(=O)[C@@H]1C[C@@H]2CCCC[C@H]2CN1C[C@@H](O)[C@H](Cc1ccccc1)NC(=O)OC(C)(C)C,0.5828881126278265,4.15,459.63100000000037,3.110000000000001
CC1CC(C[C@H](O)C(Cc2ccccc2)NC(=O)CC=Cc2ccc(O)cc2O)C1,0.5034459194647896,3.95,409.5260000000002,4.025700000000005
O=C1N(Cc2ccccc2)[C@H](Cc2ccccc2)[C@H](O)[C@H](O)[C@]23CC[C@H](CC2)N13,0.8409232806886139,4.25,392.4990000000002,2.952300000000001
C[C@@H]1[C@H](O)[C@@H](O)[CH]CN(Cc2ccccc2)C(=O)N1Cc1ccccc1,0.8873601381628773,3.95,353.44200000000006,2.4389900000000004
COC=CC1=CC(O)=C(C(C2=C(O)C(=O)c3ccccc3C2=O)C2CC2C=O)OC1,0.5492513802627025,4.3,408.40600000000023,3.215200000000002
CC(C)(C)NC(=O)c1ccccc1Cl,0.7606470105612122,3.45,211.692,2.8683000000000005
Cc1ccccc1OC(O)=C1C=CC=CC(C)(NC(=O)Cn2nnc3ccccc32)CC1,0.5869622885867574,4.3,430.50800000000015,4.369420000000003
COc1ccccc1CCCCc1c(O)oc2ccccc2c1=O,0.6943361179055989,3.85,324.37600000000003,4.072600000000003
C=c1ccc(=O)oc1=CC=CC(=O)N[C@@H](Cc1ccccc1)[C@H](O)CN1CC(C)C1,0.6192235823590955,4.050000000000001,408.4980000000002,0.426900000000001
CC=CC=CC[C@@H](C=O)NC(=O)OCC1C=CN=CC=CN=C1,0.579024694837326,3.75,315.37300000000005,2.601300000000001
O=C1Nc2ccc(Cl)cc2[C@@](C#CC2CC2)(C(F)(F)F)N1,0.7052123584918788,4.15,314.6939999999999,3.6461000000000015
CCNC(=O)c1cccc(CNC(=O)NCCC(C)(C)c2ccccc2)c1,0.6670490959598552,3.8,367.49300000000005,3.6034000000000033
CC[CH]C(=O)N[C@@H](Cc1ccccc1)[C@H](O)CN(Cc1ccccc1)C(=O)NC(C)(C)C,0.5290410593591937,3.9,438.5920000000002,3.699390000000003
CC(C)c1ccccc1Sc1c(O)cc(-c2ccccc2Cl)oc1=O,0.615220176584574,3.95,372.8730000000001,5.940400000000004
CC(C)CC(=O)N[C@@H](Cc1ccccc1)[C@H](O)C(=O)N1CSC[C@H]1C(=O)NC(C)(C)C,0.5633779725331055,4.1,449.6170000000002,1.937099999999999
CN(C)C(=O)[C](Cc1ccccc1)C[C@H](O)[C@H](Cc1ccccc1)NC(=O)OC(C)(C)C,0.6233058648192847,3.9,439.57600000000025,3.7787900000000034
C=CCN1C(=O)N(Cc2ccncc2)[C@H](Cc2ccccc2)[C@H](O)[C@@H](O)[C@H]1Cc1ccccc1,0.5082292260099889,4.2,457.5740000000002,3.449600000000002
Nc1cccc(C(=O)N[C@H](Cc2ccccc2)C(=O)NCc2ccccc2)c1,0.5568931669064769,3.95,373.4560000000001,2.9263000000000012
CC(C)C1(Cc2ccccc2)CC(=O)C(C)(c2ccccc2)C=C(O)O1,0.8465993898966723,3.75,350.4580000000001,4.970600000000005
C[C@H](Cc1ccccc1)NC(=O)CCC(=O)C(=O)NC(=O)[C@H](C)Cc1ccc(O)cc1,0.5068288471006672,4.0,424.4970000000001,2.3103
CC(C)c1ccccc1Sc1c(O)cc(-c2ccc(C#N)cc2)oc1=O,0.6929546808163395,3.95,363.4380000000001,5.158680000000005
NC(=O)C[C@H](O)C(=O)NC(=O)c1ccccc1S,0.5500856540197363,3.85,268.294,-0.5320000000000003
CC(C)(C)NC(=O)[CH]C1N(C[C@@H](O)[C@@H](N)Cc2ccccc2)CCN1C(=O)OC1CCCC1,0.5492317621370351,4.25,459.61100000000016,2.059190000000001
O=C(OCCOc1cc(O)c(-c2ccccc2)oc1=O)c1ccccc1,0.5413175727680736,4.050000000000001,352.3420000000001,3.2482000000000015
CCCCCNC(=O)[C@@H](NC(=O)Cc1ccccc1)[C@H]1CC(C)S1,0.6747614204878798,3.8,348.51200000000017,2.914300000000001
Cc1c(N)cccc1C(=O)N[C@@H](Cc1ccccc1)[C@H](O)C(=O)N1CSC(C)(C)[C@H]1C,0.5992112830860623,4.15,441.5970000000002,2.9792200000000015
CC(C)(C)OC(=O)N[C@@H](Cc1ccccc1)[C@H](O)CC(=O)NC1c2ccccc2C[C@H]1O,0.5294725021085878,4.15,440.5400000000002,2.6479000000000013
C=CC(c1cccc(NS(=O)(=O)c2ccc(Br)cc2)c1C)c1c(O)occc1=O,0.5098040053555776,4.25,476.3480000000002,4.535020000000003
C[C@H](O)[C@H](Cc1ccccc1)NC(=O)[C@@H](NC(=O)c1ccc2ccccc2c1)C(C)(C)C,0.5261340355611095,3.95,432.56400000000014,4.092600000000003
CCC1C=C(O)OC(Cc2ccccc2)(C(=O)NC(C)(C)C)C1=O,0.8319453873669043,3.8,331.41200000000015,2.9075000000000015
[CH][C@H](O)[C@H](Cc1ccccc1)NC(=O)[C@@H](NC(=O)CN(C)c1ccc(F)cn1)C(C)C,0.5344437810218612,4.1,428.5080000000001,1.5971899999999994
Cc1ccccc1C=C1N=C(SCc2ccc3ccccc3c2)C(N)=C1O,0.6323835093976643,4.0,372.49300000000005,5.562920000000004
CC(C)(C)[C@@H](NC(=O)OCc1ccccc1)C(=O)NC(Cc1ccccc1)C(=O)CF,0.639288456508387,4.0,428.50400000000013,3.593600000000002
CC1CC(C)CN(Cc2ccccc2)C(=O)C(NC(=O)OCc2ccc(Br)cc2)C1,0.654601329510099,4.050000000000001,473.4110000000002,5.1387000000000045
OC1=C(C(Sc2ccccc2)c2ccccc2)O[CH]CC2(CCCC2)O1,0.6570204919633448,4.0,367.49000000000007,6.158590000000006
C=CS(=O)(=O)N(CC(C)C)C[C@@H](O)[C@H](Cc1ccccc1)NC(=O)[C@@H]1CO[C@H]2OCC[C@H]21,0.5123278871422003,4.3500000000000005,466.6000000000003,1.5151000000000003
CCNC(=O)[C@@H]1C[C@H](Cc2ccccc2)CCN1C(=O)[C@H](Cc1ccccc1)NC(C)(C)O,0.5122857638412681,4.050000000000001,451.6110000000002,2.901700000000001
O=C(NCc1ccccc1)C(Cc1ccccc1)N1CCC1=O,0.8313545013374356,3.85,308.38100000000014,2.1464
CCc1ccccc1SC1=C(O)OC(CCCC(=O)O)(c2ccccc2)CC1=O,0.6193237020176983,4.050000000000001,412.5070000000002,5.208000000000005
CCC(CC=CC=CCS(=O)(=O)c1nccn1CC)c1c(O)oc2c(c1=O)CCCCCC2,0.529039421686471,4.25,474.6230000000005,4.690800000000005
CCS(=O)(=O)Nc1cccc(C(c2c(O)c3c(oc2=O)CCCCCC3)C2CC2)c1,0.7104592493922207,4.3,431.5540000000004,4.307900000000004
C=C(C=CC=CCc1c(O)occc1=O)NS(=O)(=O)c1ccccc1C(F)(F)F,0.6595227421980427,4.3,427.40000000000015,3.511300000000002
CC[CH]C(=O)N[C@@H](Cc1ccccc1)[C@@H](O)CN(Cc1ccncc1)C(=O)NC(C)(C)C,0.5302086638507709,4.0,439.5800000000002,3.0943900000000015
O=C1CC(CCc2ccccc2)(c2ccccc2)OC(O)=C1Sc1cccs1,0.5364334963703291,4.1,408.5440000000001,6.085000000000004
Cc1cn([C@@H]2CC(F)(F)[C@H](CO)O2)c(=O)[nH]c1=O,0.7700759107729729,4.1,262.212,-0.23987999999999998
C=CCN1C(=O)N(Cc2ccccc2)[C@@H](Cc2ccccc2)[C@@H](O)[C@H](O)[C@@H]1Cc1ccccc1,0.5027980286289983,4.1,456.5860000000002,4.054600000000003
NCC(=O)N(Cc1cccc(N)c1)Cc1cccc(Br)c1,0.8158932863072442,3.8,348.24399999999997,2.5187999999999997
CO[CH]OC(CNC(=O)c1ccccc1)[C@@H](O)C(O)[CH]O,0.5035698813971806,3.85,297.307,-0.17661999999999972
[CH][C@@H](O)C[C@H](Cc1ccccc1)NC(=O)COc1nc(=O)n([C@@H]2CCS(=O)(=O)C2)cc1C,0.5559155453905436,4.45,461.54000000000013,0.4797100000000019
[CH]C(=O)NC(Cc1ccc(OCc2ccccc2)cc1)C(=O)C(F)(F)C(=O)NC(C)C,0.5680038004239518,4.1,430.45100000000014,2.73299
O=c1cc(-c2ccccc2O)oc(O)c1SCc1ccccc1,0.7089073928691839,3.95,326.373,4.010300000000003
CN1CCC[C@H]1C(=O)N[C@@H](Cc1ccccc1)[C@H](O)C(=O)N1CCC[C@H]1C(=O)NC(C)(C)C,0.5675074334825636,4.25,458.6030000000002,1.0747000000000018
O=c1ccoc(O)c1CC=C1C=CC(NS(=O)(=O)c2cccc([N+](=O)[O-])c2)=C1,0.5571661017304629,4.45,402.3840000000002,2.1547
CC(C)c1ccccc1Sc1c(O)cc(-c2ccc(Cl)c(Cl)c2)oc1=O,0.5298646931259691,4.050000000000001,407.31800000000015,6.593800000000003
C[C@H](Cc1cccnc1)C[C@H](O)CN1CCN(Cc2cc(Br)cs2)C[C@H]1C(=O)NC(C)(C)C,0.5075602666600719,4.25,537.5680000000002,3.936300000000003
[CH]OCC(=CC=CN)S(=O)(=O)N(Cc1ccc(-c2cccs2)cc1)C[C@@H]1CCCO1,0.5620526878989462,4.25,446.5940000000003,3.7673900000000025
CC=CC(CC)SC1=C(O)OC(CCc2ccc(O)cc2)(c2ccccc2)CC1=O,0.5069520376637459,3.95,424.5620000000002,6.0247000000000055
CCCN(CCO)C(=O)C(Cc1ccc(Cl)cc1)C(O)CN1C[C@H]2CCCC[C@H]2C[C@H]1C,0.5491263060180882,4.050000000000001,465.0780000000003,3.991100000000003
CC1CN(C(Cc2ccccc2)C(=O)NCCS(=O)(=O)C(C)C)C1=O,0.696341201828481,4.0,366.4830000000001,1.0153999999999999
CCc1cccc(-c2cc(O)c(Sc3ccccc3C(C)C)c(=O)o2)c1,0.6152599814575438,3.85,366.48200000000014,5.8494000000000055
CCC(=O)C1=C(O)OC(C2CCCCC2)CC1,0.8182205834457503,3.5999999999999996,238.32699999999986,3.4944000000000024
[CH][C@H](Cc1ccccc1)NC(=O)[C@@H](NC(=O)c1ccccc1-c1ccccc1)C(C)(C)C,0.5623913933727609,3.85,426.5600000000002,4.936690000000004
C[C@H](C[C@H](O)[C@H](Cc1ccccc1)NC(=O)OC(C)(C)C)C(=O)NCCc1ccccc1,0.5233919420924753,3.9,440.58400000000023,3.868400000000003
O=CO[C@]1(C[C@H]2CO[C@@H](O)[C@H](O)[C](CO)O2)CCOC1,0.5149718745985482,4.1,291.27599999999995,-1.6724099999999984
COc1ccc(-c2cc(O)c(Sc3ccccc3C(C)C)c(=O)o2)cc1,0.662442611018968,3.95,368.4540000000001,5.295600000000004
C[CH]C(=O)N[C@@H](Cc1ccccc1)[C@H](O)CN1C[C@H]2CCCC[C@H]2C[C@@H]1C(=O)NC(C)(C)C,0.5615038849890159,4.050000000000001,456.65100000000007,3.0943900000000006
CN(C)CCC1NC(=O)N(C)[C@H](Cc2ccccc2)[C@H](O)[C@@H](O)[C@H]1Cc1ccccc1,0.6354768587197824,4.050000000000001,425.5730000000001,2.1536999999999997
CC1(C)C=CC=CC=C(SC2=C(O)OC(c3ccccc3)(c3ccccc3)CC2=O)C1,0.5789294361399372,4.0,430.5690000000001,6.806100000000006
N#CC=CC(=O)CNC(=O)N(CCN)Cc1ccc2[nH]ncc2c1,0.5090296295643773,4.1,326.3600000000001,0.6820799999999998
CC(C)CC(Sc1ccccc1)c1c(O)cc(-c2ccccc2)oc1=O,0.5525135478229315,3.85,366.48200000000014,5.891900000000005
O=C1C=CC=CNC=Cc2ccccc2C[C@H](O)[C@H](Cc2ccccc2)N1,0.7716292225110213,3.85,360.4570000000001,2.9613000000000014
[CH]C(=O)N[C@@H](Cc1ccccc1)[C@@H](O)CN1CC2CCCCC2C[C@H]1C(=O)NC(C)(C)C,0.6075240034510159,4.050000000000001,441.61600000000004,2.58129
CCSc1ncn(C[C@@H](O)[C@H](Cc2ccccc2)NCC(=O)N2CCOCC2)n1,0.5507378396279957,4.3500000000000005,419.5510000000003,0.8107000000000002
CCC(c1ccccc1)c1c(O)c2c(oc1=O)CCCC2,0.9331175604004145,3.75,284.355,3.7661000000000033
[CH]C[C@H](Cc1ccccc1)NC(=O)C(NC(=O)N(C)Cc1csc(C2CC2)n1)C(C)C,0.5860862828026556,4.15,440.6130000000001,4.015190000000003
CC(=O)N[C@@H](Cc1ccccc1)C(=O)N1CCC(=O)[C@@H]1Sc1ccccc1,0.8341426946896673,4.050000000000001,382.485,2.653600000000001
CC1=CC2=CC(C)=C(Sc3ccccc3C(C)C)C(=O)OC(=C1)C2,0.6424792098582193,3.75,338.4720000000001,5.8932000000000055
O=C(O)C=CCCN1[CH][C@H](O)[C@@H](O)[C@@H](Cc2ccccc2)N(Cc2ccccc2)C1=O,0.5664239375369687,4.15,423.48900000000015,2.4499900000000006
CC[CH]C(=O)N[C@@H](Cc1ccccc1)[C@H](O)CN1C[C@H]2CCS[C@H]2C[C@H]1C(=O)NC(C)(C)C,0.5128066496758624,4.15,474.69100000000014,2.7997900000000007
COc1ccccc1CCCCc1c(O)oc2cc(O)ccc2c1=O,0.6676583300195416,3.95,340.37500000000006,3.7782000000000027
CC1(C)CN(C[C@@H](O)[C@H](Cc2ccccc2)NC(=O)O[C@H]2CO[C@H]3OCC[C@H]32)C(=O)N1,0.5972140936377333,4.5,433.5050000000003,1.2499999999999991
NC(=O)O[C@@H]1Cc2ccccc2C1C=C(O)[C]1Cc2cccc(c2)[C@H](O)C1,0.7270549436262749,4.1,364.4210000000001,3.4863900000000023
CC(=O)N[C@@H](C=O)CS(=O)(=O)c1ccc(Cl)cc1C,0.8268161173551961,3.85,303.76700000000005,1.1257199999999998
O=C(O)C(CC1CC1)c1c(O)oc2c(c1=O)CCCCCCCC2CC1CC1,0.708203269729993,4.1,388.5040000000003,5.094100000000005
C=C(C=CC=CC(CC)C1=C(O)OC2CCCCC2C1=O)NS(=O)(=O)c1ccc(C#N)cc1,0.5457903286600515,4.25,468.57500000000016,4.416580000000003
CS(=O)(=O)Nc1cccc(C(c2c(O)c3c(oc2=O)CCCCCC3)C2CC2)c1,0.7686153754956714,4.3,417.5270000000004,3.9178000000000033
COC(=O)c1ccccc1CSc1c(O)cc(-c2ccccc2)oc1=O,0.5398504298184215,4.050000000000001,368.4100000000001,4.091300000000003
O=C1Nc2ccc(Cl)cc2C(C#CC2CC2)(C(F)(F)F)N1,0.7052123584918788,4.15,314.6939999999999,3.6461000000000015
CNC(=O)[C@@H](O)[C@H](Cc1cccc(C(F)(F)F)c1)NC(=O)c1c(C)ccc(O)c1C,0.5726996839045787,4.2,424.41900000000004,2.47584
O=C1Nc2ccc(F)cc2[C@@](C#CC2CC2)(C(F)(F)F)N1,0.5605463075576093,4.15,298.2389999999999,3.131800000000001
[CH][C@H](Cc1ccccc1)NC(=O)C(NC(=O)OCc1csc(N2CCOCC2)n1)C(C)C,0.6002687491766718,4.3500000000000005,458.5840000000002,2.6690900000000006
O=C1N(Cc2ccccc2)[C@H](Cc2ccccc2)C(O)[C@H](Cc2ccccc2)N1CC1CC1,0.540463576481897,4.15,440.5870000000002,4.917700000000004
O=CC[C@@H](Cc1ccc(OCc2ccccc2)cc1)C(=O)NC1CC1=O,0.7046255005437717,3.95,351.4020000000001,2.4709000000000003
Cc1cc(C)cc(-c2cc(O)c(Sc3ccccc3C(C)C)c(=O)o2)c1,0.6240218432910287,3.85,366.48200000000014,5.903840000000005
O=C1N(CC2CC2)[C@H](Cc2ccccc2)[C@H](O)[C@@H](O)[C@@H](Cc2ccccc2)N1CC1CC1,0.6685819495878444,4.25,434.58000000000027,3.488400000000002
[CH][C@H](O)[C@H](Cc1ccccc1)NC(=O)[C@@H](NC(=O)c1ccccc1C(C)(C)C)C(C)C,0.6088867920643822,3.8,422.5690000000001,3.5379900000000024
CC(C)CC1(c2c#ccc(S(=O)(=O)O)c2)CC(C)(C)c2cc(O)c(O)cc21,0.5443346197285654,4.050000000000001,388.4850000000001,3.9583800000000036
CO[C@H]1[C@H](O)[C@@H](O)[C@@H](CCSC)N(Cc2ccccc2)C(=O)N1CC1CC1,0.7068363961648054,4.15,394.53700000000015,2.1502
CC[CH]C(=O)NC(Cc1ccccc1)[P@](=O)([O-])N1CCC[C@H]1C(=O)N[CH][C@@H](C)CC,0.5215780138266812,4.1,434.4970000000001,2.62758
CC[C@H](C)N(C[C@@H](O)[C@H](Cc1ccccc1)NC(=O)O[C@H]1CO[C@H]2OCC[C@H]21)S(C)(=O)=O,0.5326505461134055,4.45,470.5880000000003,1.5063000000000006
O=c1cc(C(c2ccccc2)C2CC2)oc(O)c1SCc1ccccc1,0.6124274073803184,4.0,364.46600000000007,5.179600000000005
[CH]C(=O)N[C@@H](Cc1ccc(O)cc1)[C@H](O)CN1C[C@H]2CCCC[C@H]2C[C@H]1C(=O)NC(C)(C)C,0.5032592638531637,4.15,457.61500000000007,2.2868899999999996
CNC(=O)c1[nH]c2ccc(Cl)cc2c1Sc1ccccc1,0.7550107322146492,3.95,316.813,4.332100000000002
CCCCC1(c2ccccc2)CC(=O)C(SCc2ccccc2)=C(O)O1,0.6785829142859423,3.85,368.49800000000005,5.722000000000006
CC[C@H](C)CN(C[C@@H](O)[C@H](Cc1ccccc1)NC(=O)O[C@H]1CO[C@H]2OCC[C@H]21)C(C)=O,0.5703188679111655,4.25,448.56000000000034,2.3407999999999998
[CH][C@@H](O)C[C@H](Cc1ccccc1)NC(=O)CNC(=O)N(C)CC=CC=CC(C)(C)C,0.5159535143042232,3.75,413.5620000000001,2.9758900000000006
CCCCN1C(=O)N(CC(C)C)[C@@H](Cc2ccccc2)[C@H](O)[C@@H](O)[C@H]1Cc1ccccc1,0.6189041611850469,3.95,438.61200000000014,4.124500000000004
CCCN1C(=O)C(c2cncc(F)c2F)=C(O)CCc2cc1ccc2C(=O)OC(C)(C)C,0.6735719080221344,4.25,444.4780000000002,4.973600000000004
O=C(O)C=Cc1ccc2ccc(/C=C\c3cccs3)nc2n1,0.7410031736217172,3.95,308.362,3.959500000000002
CN1C(=O)N(Cc2cccc(CO)c2)C(Cc2ccccc2)P(=O)(O)Cc2ccccc21,0.5574265477328197,4.3,450.47500000000014,4.590100000000005
CC(C)(C)NC(=O)C1(CCc2ccc(O)cc2)OC(O)=C(c2ccccc2)C1=O,0.6736090470104513,4.050000000000001,395.45500000000015,3.504400000000002
CCCC=C(O)OC(CC)(CC)c1cccc(NS(=O)(=O)c2cn(C)cn2)c1,0.5675477332507448,4.1,407.5360000000002,4.452300000000004
CCN(C=[SH]S(=O)(=O)c1ccc(C(C)(C)C)cc1)CC,0.5147899260580866,3.65,315.504,3.2398000000000025
C=CC(CC)c1cccc(C(c2c(O)oc3c(c2=O)CCCCCC3)C2CC2)c1,0.5932375037686105,3.9000000000000004,392.5390000000002,6.2259000000000055
OC(c1ccccc1)C(O)C(COCc1ccccc1)OCc1ccccc1,0.5620508237700145,3.85,378.4680000000001,3.8831000000000033
C=CCN1C(=O)N(Cc2ccccc2)[C@H](Cc2ccccc2)[C@H](O)[C@@H](O)[C@@H]1Cc1ccccc1,0.5027980286289983,4.1,456.5860000000002,4.054600000000003
O=C1Nc2ccc(Cl)cc2[C@@](C#CC2CC2)(C(F)(F)F)O1,0.7328090954055055,4.15,315.67799999999994,4.073100000000001
CC(C)(C)N(CCO)C(=O)c1cc(N)ccc1F,0.8057886791719212,3.65,254.30499999999998,1.6408999999999998
CCN1C(=O)N(CC#Cc2cccs2)[C@H](Cc2ccccc2)[C@H](O)[C@@H](O)[C@H]1Cc1ccccc1,0.5344159719211623,4.2,474.6260000000002,3.8015000000000025
Cc1cn([C@@H]2C[C@H](CO)C(CO)(CO)O2)c(=O)[nH]c1=O,0.5120115894881123,4.1,286.284,-1.9041799999999993
O=C(OC[C@H]1CCCO1)[C@H](Cc1ccccc1)N1CCC1=O,0.5909034849804428,3.95,303.3580000000001,1.5521999999999998
COC=C1C=CC=C(C(=O)NN(CC2CCCCC2)C(=O)c2ccc(C)cc2)NC=C1,0.5538582635081151,4.050000000000001,421.5410000000001,4.136020000000003
CC(C)(C)NC(=O)[C@@H]1CN(S(=O)(=O)C2CC2)CCN1C[C@@H](O)[C@@H](N)Cc1ccccc1,0.522854402271159,4.3500000000000005,452.6210000000002,0.3104000000000041
CNC(=O)CCC(=O)N(CC(=O)N(C)C(Cc1ccccc1)C(=O)OC)CC1CCCCC1,0.5118311500226544,4.1,459.58700000000044,2.1642
O=C1N[C@H](Cc2cccc(Br)c2)[C@H](O)[C@@H](O)[C@@H](Cc2ccc(F)cc2)N1CC1CC1,0.5983905123082226,4.3,477.3740000000001,3.2676000000000016
CC(C)(C)OC(=O)NCC(=O)N1C[C@H]2CCCC[C@H]2C[C@H]1C(=O)NCc1ccccc1,0.7522371049468282,4.15,429.5610000000001,3.234800000000001
CCN1C(=O)N(Cc2cccc(CO)c2)[C@H](Cc2ccccc2)[C@H](O)CN1Cc1ccccc1,0.53743058445584,4.2,459.5900000000002,3.8258000000000028
O=C1CC=CC=CCC2c3c(O)cccc3OCC2O1,0.737692163793189,3.85,272.29999999999995,2.6862000000000013
O=C1Nc2ccc(Cl)cc2[C](C#CC2CC2)C(C(F)(F)F)N1,0.7002189538376573,4.15,327.7129999999999,3.7419900000000013
CCC1C=C(O)OC(CC)(c2ccc(OCc3ccccc3)cc2)C1=O,0.8035806107427496,3.85,352.43000000000006,4.895800000000005
CSc1ncccc1CN1CCN(Cc2cc3ccsc3s2)CC1,0.6155465377216243,4.2,375.5880000000001,4.397500000000004
C[C@H](Cc1cccnc1)C[C@H](O)CN1CCN(Cc2ccncc2)C[C@H]1C(=O)NC(C)(C)C,0.6072525203609421,4.15,453.63100000000026,2.5073000000000008
CCOC(=O)c1[nH]c2ccc(Cl)cc2c1Sc1ccccc1,0.6721712033374104,3.95,331.824,5.149200000000003
Cc1ccccc1CN(C)C(=O)N[C@H](C=O)C(C)C,0.8281137814628777,3.55,262.353,2.3599200000000007
COC(=O)c1[nH]c2ccccc2c1Sc1ccccc1,0.7355981707804956,3.85,283.35200000000003,4.105700000000002
CC(C)(C)OC(=O)N[C@@H]1COc2ccccc2OC(=O)C=Cc2ccccc2CC(N)C1=O,0.5044758247258978,4.25,452.50700000000023,3.030000000000001
CC(C)(C)OC(=O)N[C@H]1CO[CH]CC=C[C@@H](OC(=O)c2ccco2)[C@@H]1O,0.6235824050837148,4.1,366.3900000000001,2.19749
CC(C)c1[nH]c2ccccc2c1Sc1ccccc1,0.6675240925296222,3.6500000000000004,267.397,5.4425000000000034
CN1C(=O)N(C)[C@H](Cc2ccccc2)[C@H](O)[C@@H](O)[C@H]1Cc1ccccc1,0.8818175713784434,3.95,354.4500000000001,1.9279999999999997
O=c1c2c(oc(O)c1C(c1ccccc1)C1CC1)C(CC1CC1)CCCCCC2,0.6515098559615936,4.05,392.5390000000004,6.277600000000005
Nc1nc(=O)n([C@@H]2C=C(F)[C@H](CO)O2)cc1F,0.7466305510374819,4.1,245.18499999999995,-0.2923000000000004
O=CCC(CC1CC1)(OC(O)=Cc1ccccc1)c1ccccc1,0.558338282830595,3.75,322.40400000000005,4.844200000000004
COCCOCCc1c(O)oc2ccccc2c1=O,0.8041954116674479,3.8,264.27700000000004,1.7040999999999997
CCCc1cc(=O)c(C(c2cccc(S(=O)(=O)Cc3ccncc3)c2)C2CC2)c(O)o1,0.5646746193255443,4.3,439.5330000000003,4.208700000000004
C=CCN1C(=O)N(Cc2ccccc2)[C@H](Cc2ccccc2)[C@H](O)[C@H](O)[C@H]1Cc1ccccc1,0.5027980286289983,4.1,456.5860000000002,4.054600000000003
COC=CC1[CH]OC[C@H]1OC(=O)N[C@@H](Cc1ccccc1)[C@H](O)CN1C[C@H]2CCCC[C@H]2C[C@H]1C,0.5163102152543735,4.3,485.6450000000004,3.922290000000003
[CH]CNC(=O)[C@@H](O)[C@H](Cc1ccccc1)NC(=O)[C@H](Cc1ccc(F)cc1F)C(C)(C)C,0.5563006456398591,4.0,444.52200000000016,3.0852900000000005
CNC(=O)[C@@H]1C[C@@H]2SCC[C@@H]2CN1C[C@@H](Cc1ccccc1)C(=O)NC1c2ccccc2C[C@H]1O,0.5524634490923931,4.45,493.6730000000003,2.5618000000000007
CC=C1C=C(S(=O)(=O)N(CC(C)C)[C@@H]2c3ccccc3S[C@@H]2CN)OC=C1C,0.7476937859314142,4.15,420.6000000000002,4.170200000000003
C=CC(=O)C=C(O)OC(C)CC1CCCCC1c1ccccc1C,0.5512606478137615,3.5999999999999996,328.45200000000006,5.218520000000004
CC(C)CC(SCC1CCCCC1)c1c(O)cc(-c2ccccc2)oc1=O,0.5968893695499202,3.85,386.5570000000001,6.413100000000007
NC1NCC(OCc2ccccc2)OC(CO)C1OCc1ccccc1,0.6933191062557132,4.050000000000001,358.43800000000005,1.3801999999999992
CCC(c1ccccc1)c1c(O)c2c(oc1=O)C(Cc1ccccc1)CCCCCC2,0.5021203182484956,3.9000000000000004,416.5610000000002,6.720200000000006
CC=CC=C1C(C)CC1SC1=C(O)OC(c2ccccc2)(c2ccccc2)CC1=O,0.6196755812494186,4.0,418.5580000000001,6.290800000000005
[CH][C@H](Cc1ccccc1)NC(O)(NC(=O)OCc1csc(N2CCOCC2)n1)C(C)C,0.5092637563143246,4.3500000000000005,446.57300000000015,2.4199900000000003
O=c1oc2ccccc2c(O)c1CCCOCc1cccc(Br)c1,0.5012823865257929,3.95,389.24499999999995,4.4105000000000025
O=C(OC1COc2cc(O)cc(O)c2C1)c1ccc(C(F)(F)F)cc1O,0.7036759043501227,4.3500000000000005,370.27900000000005,2.982700000000001
CC=CC=C1COC(=O)N2CCC[C@H]2C(=O)N[C@@H](Cc2ccccc2)[C@H](O)CN(CC(C)C)C1,0.6924266964219246,4.15,469.6260000000004,3.1499000000000015
C=CC[C@H](c1cccc(NS(=O)(=O)c2ccc(F)cc2)c1)c1c(O)occc1=O,0.5689117665676074,4.25,415.4420000000002,3.9933000000000023
CC(C)CC(SCc1ccncc1)c1c(O)cc(-c2ccccc2)oc1=O,0.591250159180053,3.95,381.4970000000002,5.428000000000005
CC(C)[C@@H](C=O)NC(=O)c1cccc(O)c1O,0.5393404828269833,3.65,237.255,1.0510999999999997
COc1cc(/C=C/C(=O)Nc2ccccc2C)cc(O)c1O,0.5986179829640359,3.8,299.326,3.066720000000002
O=C1N(Cc2ccccc2)CC(O)(Cc2ccccc2)C(=O)N1Cc1ccccc1,0.6874611887959863,4.1,400.4780000000001,3.624800000000003
C=C1CCC2(CCCCC2Cc2ccccc2)OC(O)=CC1=O,0.8182544038845415,3.75,312.40900000000005,4.493200000000003
C[C@@H]1CN(Cc2ccccc2)CCN1CC(O)C(Cc1ccccc1)NC(=O)OC(C)(C)C,0.6382831626766645,4.050000000000001,453.6270000000003,3.689600000000003
CCC(=O)C=C(O)SC(C)(C)CCc1ccccc1,0.588743787156035,3.45,278.41700000000003,4.509500000000004
CC(C)CN1COc2ccc(cc2O)CN(Cc2ccccc2)C(=O)NCCCC[C@H]1CO,0.6358848842800285,4.3,455.59900000000016,3.943100000000002
CCc1cccc(C=C2OC(=O)C(Sc3ccc4ccccc4c3)=C2O)c1,0.5809506211912023,4.0,374.46100000000007,5.861800000000005
C=CCN1C(=O)N(CC(=C)C)[C@H](Cc2ccccc2)[C@H](O)[C@@H](O)[C@H]1Cc1ccccc1,0.6433777786159972,3.95,420.5530000000001,3.430500000000002
CCCCCC1(c2ccccc2)CC(=O)C(SCc2ccccc2)=C(O)O1,0.5593906244082096,3.85,382.5250000000001,6.112100000000006
CC(CO)C(=O)C(Cc1ccccc1)NC(=O)C(NC(=O)OCc1ccccc1)C(C)(C)C,0.511182370727388,4.0,454.5670000000002,3.252500000000002
[CH]C[C@H](Cc1ccccc1)NC(=O)C(NC(=O)OCc1cc(C(C)(C)C)on1)C(C)C,0.6296427352274632,4.0,427.54500000000013,4.051590000000003
Nc1nc(=O)n([C@H]2C=C(F)[C@H](CO)O2)cc1F,0.7466305510374819,4.1,245.18499999999995,-0.2923000000000004
CC(C)(C)NC(=O)[C@@H]1CCCN1P(=O)(O)C(Cc1ccccc1)NC(=O)C(F)(F)F,0.5805210161152741,4.4,449.4100000000001,2.7982000000000005
CC[CH]NC(=O)[C@@H](NC(=O)OC(C)(C)C)C(=O)C(N)Cc1ccc2c(c1)OCCO2,0.5433114651130901,4.2,420.4860000000002,1.4779899999999997
Nc1ccn([C@@H]2O[C@H](CO)C=C2F)c(=O)n1,0.7149519080653471,4.0,227.195,-0.4314
CC[CH]C(O)[C@H](Cc1ccccc1)NC(=O)[C@@H](NC(=O)N(C)Cc1ccccn1)C(C)C,0.501724662502258,4.0,439.58000000000015,2.9502900000000007
CCS(=O)(=O)Nc1cccc(C(c2c(O)oc3c(c2=O)CCCCC3)C2CC2)c1,0.694650152485449,4.3,417.5270000000004,3.9178000000000033
CC1(C)O[CH][C@H]([C@@H](Cc2ccccc2)N(CC#Cc2ccc3ccccc3c2)C(N)=O)O1,0.6101217278427805,4.1,427.52400000000017,4.496590000000003
[CH]c1ccccc1CN1CC=CC=CC([CH])(C(F)F)N(CC=CC=CC(=O)O)C1=O,0.5438782925434225,4.0,412.4360000000001,4.007780000000004
CC(C)(C)NC(=O)c1ccccc1C#CC(O)Cc1ccccc1C(=O)NC(C)(C)C,0.6602148305958339,3.8,420.55300000000017,3.6983000000000024
C=CCN1C(=O)N(Cc2ccccc2)[C@H](Cc2ccccc2)[C@@H](O)[C@H](O)[C@H]1Cc1ccccc1,0.5027980286289983,4.1,456.5860000000002,4.054600000000003
C=CCN1C(=O)N(CC=C)[C@@H](Cc2ccccc2)[C@H](O)[C@@H](O)[C@H]1Cc1ccccc1,0.6626015019980727,3.95,406.5260000000001,3.0404000000000018
CC(C)c1ccccc1Sc1c(O)cc(-c2cccc(C(F)(F)F)c2)oc1=O,0.5519326319290033,4.15,406.42500000000007,6.305800000000005
CC(C)(C)NC(=O)[C@@H]1CN(C(=O)c2cccnc2)CCN1C[C@@H](O)[CH]Cc1ccc(O)cc1,0.5885928204226495,4.25,453.5630000000003,1.63619
CC1CCCCCCC1COC(O)=CC(=O)C(C)(C)C,0.6040489205818959,3.45,282.4239999999999,4.624100000000004
C=CCN1C(=O)N(CC=C)[C@H](Cc2ccccc2)[C@H](O)[C@@H](O)[C@H]1Cc1ccccc1,0.6626015019980727,3.95,406.5260000000001,3.0404000000000018
CC(O)C(C)c1cccc(C(c2c(O)oc3c(c2=O)CCCCCC3)C2CC2)c1,0.7434856671960307,4.0,396.5270000000003,5.030600000000004
CC(C)(C)CCC1(c2ccccc2)CC(=O)C(SCCc2ccccc2)=C(O)O1,0.5735123661768664,3.85,410.5790000000002,6.400600000000007
Cc1ccccc1C=C1OC(=O)C(NC2CCCC2)=C1O,0.837344262731477,3.85,285.34299999999996,3.1945200000000016
COc1ccc(S(=O)(=O)N(Cc2ccc(CO)cc2)CC2CCCC2)cc1O,0.7038250098135964,4.15,405.5160000000001,3.2742000000000018
Cc1nc(CN2CCN(C(=O)CCc3cc4c(C)cccc4[nH]3)CC2)no1,0.7493620388440495,4.3,367.45300000000015,2.4447400000000004
[CH]C(=O)N[C@@H](Cc1ccccc1)[C@H](O)CN1C[C@H]2CCCC[C@H]2C[C@@H]1C(=O)NC(C)(C)C,0.6075240034510159,4.050000000000001,441.61600000000004,2.58129
C=CCC(=O)/C1=C/CNCCCCCOc2c(O)cccc2C1=O,0.6586532117572608,3.8,329.39600000000013,2.798800000000001
C[C@H](N)C(=O)N[C@@H](C)C(=O)N[C@@H](Cc1ccccc1)[C@@H]1CCC(=O)NO1,0.5338897816794412,4.1,362.4300000000001,-0.2239999999999986
O=C1Nc2ccc(Cl)cc2[C@](C#CC2CC2)(C(F)(F)F)O1,0.7328090954055055,4.15,315.67799999999994,4.073100000000001
CC(=O)NCCOC(=O)N[C@@H](Cc1ccccc1)[C@H](O)CN1CC[C@@H](C)C1,0.5620521988186519,4.0,377.48500000000024,1.1627000000000003
O=C1N[C@H](Cc2ccccc2)[C@H](O)[C@@H](O)[C@@H](Cc2ccccc2)N1Cc1cccc(F)c1,0.5575285093362449,4.2,434.51100000000014,3.295300000000002
CC(C)CC(NC(=O)OCc1ccccc1)C(=O)NC(Cc1ccccc1)C(=O)C(C)(F)F,0.524328481249238,4.1,460.52100000000013,4.279300000000004
CC1CCCCCCc2c1oc(O)c(C(c1ccccc1)C1CC1)c2=O,0.7935857881582524,3.9000000000000004,352.47400000000016,5.497400000000007
CC(C)[C@H](NC(=O)OCc1ccccc1)C(=O)NC(CC1CCCCC1)C(=O)C(C)(F)F,0.5426973588016153,4.1,452.5420000000003,4.616900000000004
CN1C(=O)N(C)[C@H](Cc2ccccc2)[C@@H](O)[C@H](O)[C@H]1Cc1ccccc1,0.8818175713784434,3.95,354.4500000000001,1.9279999999999997
O=c1cc(-c2ccccc2)oc(O)c1C(SC1CCCC1)c1ccccc1,0.6115059631074307,4.0,378.4930000000002,5.777600000000005
C=CC(F)=CC=CS(=O)(=O)[C@@H](CC=O)Cc1ccc2ccccc2c1,0.5218941071102721,3.8,358.4340000000001,4.307800000000004
CC(C)(C)NC(=O)c1ccccc1CC(O)Cc1ccccc1C(=O)NC(C)(C)C,0.6760155134456313,3.8,410.55800000000016,3.889300000000003
CC(C)(c1ccc(O)cc1)N1Cc2cccc(c2)C(C(=O)OCc2ccccc2)CC1=O,0.5868324925428567,4.1,429.5160000000002,4.886800000000004
CC(C)c1ccccc1Sc1c(O)cc(-c2cc(Cl)cc(Cl)c2)oc1=O,0.5298646931259692,4.050000000000001,407.31800000000004,6.593800000000003
C=CC[C@@H](c1cccc(NS(=O)(=O)c2ccc(F)cc2)c1)c1c(O)occc1=O,0.5689117665676074,4.25,415.4420000000002,3.9933000000000023
[CH]C(=O)N[C@@H](Cc1ccccc1)[C@@H](O)CN1C[C@H]2CCCC[C@H]2C[C@H]1C(=O)NC(C)(C)C,0.6075240034510159,4.050000000000001,441.61600000000004,2.58129
CCN(CC#CC1CCCN(CCc2ccccc2)C(=O)N1)S(=O)(=O)c1ccc(OC)cc1,0.6027874110845494,4.25,469.60700000000026,3.1259000000000023
O=C1C(=O)c2ccccc2C(O)=C1Cc1ccc(F)cc1,0.8610339179915,3.85,282.27,3.102900000000001
CO[CH]OC([CH]O)CNC(=O)OCc1ccccc1,0.7477400581503911,3.75,267.281,1.5979800000000004
CCCC=C(O)OC1(CC)CCc2c(NS(=O)(=O)c3ccc(F)cc3)cccc21,0.5623418148308186,4.15,419.5180000000002,5.394100000000004
CCC(C1=C(O)OC(CC)(c2ccccc2)CC1=O)c1ccccc1,0.8114615503214909,3.75,336.43100000000004,5.244700000000004
NC(=O)c1[nH]c2ccc(Br)cc2c1Sc1ccccc1,0.746706477053617,3.95,347.237,4.180500000000002
CC(C)(C)NC(=O)C(c1ccccc1)N1CCC1=O,0.8435079411848475,3.6999999999999997,260.337,1.8746999999999998
CCCC1[CH][C@H](O)[C@@H](O)[C@@H](CCSC)N(CC2CC2)C(=O)N1CC1CC1,0.6425797194712566,4.050000000000001,383.5780000000002,2.7604900000000008
CC(C)(C)OC(=O)N[C@@H](Cc1ccccc1)/C(O)=C(\C#N)c1ccccc1,0.5991731458186311,3.8,364.4450000000001,4.615280000000004
CCCC(c1cccc(NS(=O)(=O)c2ccc(F)cc2)c1)c1c(O)cc(CC)oc1=O,0.5201554077332282,4.25,445.5120000000002,4.7797000000000045
CCOC(=O)C(NCc1ccc(Cl)cc1)C(=O)NC(C)C,0.5957789870101899,3.75,312.797,1.8858999999999995
CCCN1C(=NC#N)N(CCC)[C@H](Cc2ccccc2)[C@H](O)[C@@H](O)[C@H]1Cc1ccccc1,0.6236421333464266,4.050000000000001,434.5840000000001,3.2054800000000023
CC(C)CN1C(=O)N(CC(C)C)[C@H](Cc2ccccc2)[C@H](O)[C@@H](O)[C@H]1Cc1ccccc1,0.6552731165690072,3.95,438.61200000000014,3.980400000000003
CN[C@H](Cc1ccc(C(C)(C)C)cc1)[C@H](O)[C@@H](O)[CH]CC=CC=CS(C)(=O)=O,0.5181101062812445,3.75,408.5840000000002,2.5452900000000005
CC=CC1C=C2SC=C(O)OC(c3ccccc3)(c3ccccc3)CC2=C(O)C=C1C,0.5020890214634475,4.0,430.5690000000002,7.2888000000000055
CCN1C(=O)N(Cc2ccccc2F)[C@H](Cc2ccccc2)[C@H](O)[C@@H](O)[C@H]1Cc1ccccc1,0.5574020199088421,4.2,462.56500000000017,4.027600000000002
CC(C)[CH][CH]OC(=O)N[C@@H](Cc1ccccc1)[C@H](O)CN1CCN(CC(C)(C)C)C[C@H]1C,0.5741191440393449,3.9,445.64800000000037,3.7590800000000026
CCCN1C(=O)N(Cc2cccnc2)[C@H](Cc2ccccc2)[C@H](O)[C@@H](O)[C@H]1Cc1ccccc1,0.5389047642213624,4.2,459.5900000000002,3.673600000000003
O=C(O)CCNc1ccc(C(F)(F)F)cc1,0.8398448619864002,3.75,233.18899999999996,2.5920000000000005
CCCC[C@@H](C=O)NC(=O)c1cc(Cl)cc(Cl)c1C,0.8126436989600427,3.65,302.2010000000001,3.7893200000000027
C=CCN1C(=O)N(Cc2ccncc2)[C@@H](Cc2ccccc2)[C@H](O)[C@@H](O)[C@H]1Cc1ccccc1,0.5082292260099889,4.2,457.5740000000002,3.449600000000002
OC[C@]1(Cc2ccccc2)C[C@H](O)C[C@](CO)(Cc2ccccc2)[C@H]1O,0.6376997096612377,3.85,356.462,1.9448000000000003
CCOC(=O)N[C@H](Cc1ccccc1)[C@H](O)C(=O)N1CCC[C@@H]1C(=O)N[CH][C@@H](C)CC,0.5242710678875675,4.1,432.54100000000017,2.0197899999999995
COC(=O)N[CH]C(=O)NN(C[C](O)Cc1ccccc1)Cc1ccc2c(c1)OCCO2,0.52500028975235,4.3500000000000005,427.4570000000002,1.9559799999999994
O=C1NC(Cc2ccccc2)P(=O)(O)C(Cc2ccccc2)N1,0.7543563553926123,4.050000000000001,330.32399999999996,2.7072000000000003
CC(C)CN(C=O)C[C@@H](O)[C@H](Cc1ccccc1)NC(=O)[C@H]1CNCCO1,0.5061493093369753,4.0,377.4850000000002,0.17760000000000115
CC(=O)O[C@H](CSc1ccccc1)[C@H](O)CN1CCN(c2ccc(F)cc2)CC1,0.5254255023916108,4.15,418.5340000000003,3.0326000000000013
O=C(N[C@H]1CN2CCC1CC2)C(Cc1ccccc1)N1CCC1=O,0.8223984159566136,4.25,327.4280000000001,1.0403999999999995
CC(C)CC(c1cccc(NS(=O)(=O)c2cn(C)cn2)c1)c1c(O)ccoc1=O,0.6105951134261295,4.3500000000000005,417.48700000000014,3.0577000000000014
CC(NC(=O)c1ccccc1-c1ccccc1)C(=O)N[C@@H](Cc1ccccc1)C(=O)CF,0.5409891055846061,4.050000000000001,432.4950000000001,3.738000000000002
CC[C@H](C)CN(C[C@@H](O)[C@H](Cc1ccccc1)NC(=O)C[C@H]1CO[C@H]2OCC[C@@H]12)C(C)C,0.5158596753077394,4.050000000000001,446.63200000000035,3.230400000000002
COc1cc(O)ccc1C=CCC(=O)N[C@@H](Cc1ccccc1)[C@H](O)CN1CC(C)C1,0.5464426615296699,4.050000000000001,424.5410000000002,2.8442000000000007
CC(C)C[CH]NC(=O)[C@H](Cc1cccc2ccccc12)CS(=O)(=O)C(F)(F)C(N)=O,0.5936435550799634,4.2,439.5040000000002,2.8154900000000005
COC=CC(O)=C1C=CC=CC(C)(NS(=O)(=O)c2ccc(C#N)cc2C)CC(C)C1,0.6765453385508996,4.0,428.5540000000002,4.418200000000003
CCC1=C(O)C=CC2CCc3ccccc3C(=C1C(C)(C)C)OC2CC,0.650038845471139,3.6500000000000004,352.51800000000014,6.593300000000006
CC(C)(C)NC(=O)C1OC(O)=C(CCc2ccccc2)C(=O)C1Cc1ccccc1,0.7549657965876369,3.95,407.51000000000016,4.130300000000003
O=c1ccoc(O)c1CC=CC=CC(F)NS(=O)(=O)c1ccccc1C(F)F,0.5098594450775435,4.3,415.3890000000001,3.2120000000000015
C[CH]C(=O)N[C@@H](Cc1ccccc1)[C@@H](O)C[C@H](Cc1ccccc1)NC(=O)OC(C)(C)C,0.525115537802845,3.9,439.57600000000014,3.825090000000003
CCC(=O)C=C(O)OCC1CCCCCCC1C,0.5958079783136588,3.45,254.3699999999999,3.988000000000003
O=C1Nc2ccc(Cl)cc2[C@@](C#CC2CC2)(C(F)(F)F)P1,0.5399651406666637,4.15,331.6609999999999,4.735000000000002
O=c1c2c(oc(O)c1C(c1ccccc1)C1CC1)C(CC1CCCCC1)CCCCC2,0.5632287352773686,4.05,420.5930000000005,7.057800000000006
CC(C)C1=NC(=CSCN2CCOCC2)COC(=O)N1,0.8548770380472165,4.0,299.3960000000001,1.645
CC(C)c1ccccc1SC1=C(O)OC(c2ccccc2)(c2ccccc2)CC1=O,0.5113783190258827,4.0,416.5420000000001,6.562400000000006
CC(C)(C)NC(=O)[C@H]1CSCN1C(=O)[C@@H](O)[C@H](Cc1ccccc1)NC(=O)c1ccccc1,0.5775701411344045,4.25,469.60700000000014,2.2047999999999996
Cc1cccc(-c2cc(O)c(Sc3ccccc3C(C)C)c(=O)o2)c1,0.66427038241849,3.85,352.45500000000015,5.595420000000004
[CH]NC(=O)[C@H](Cc1ccc(C#N)cc1)C[C@H](O)[C@H](Cc1ccccc1)NC(=O)OC(C)(C)C,0.5083030119014348,4.0,449.5510000000002,3.388770000000002
CC(C)C(NC(=O)N(C)Cc1csc(C(C)(C)C)n1)C(=O)N[CH]Cc1ccccc1,0.6626175294137712,4.0,429.6100000000001,4.127290000000003
C=CC(=CC=CS(=O)(=O)NCC=CC=CCc1c(O)occc1=O)c1csc(Cl)n1,0.5150370965424442,4.3,466.96800000000025,3.8129000000000026
CN[C@@H](Cc1ccccc1)[C@H](O)CN1CCN(Cc2ccccc2)C[C@H]1C(=O)NC(C)(C)C,0.5447592760330725,4.050000000000001,452.6430000000002,2.2790999999999997
